episode,task,reasoning_file,llm_trace_file,pred_failure_reason,pred_failure_step,gt_failure_reason,gt_failure_step,l1_summary,l2_summary,llm_trace_count,Loc,task_id,loc_hit,human_score,human_score_eval,Exp,taxonomy_suggested,suggestion_reason,taxonomy_final,taxonomy_note
appleInFridge1,appleInFridge,real_world/state_summary/appleInFridge1/reasoning.json,real_world/state_summary/appleInFridge1/llm_trace.json,"At 00:27, the robot failed to successfully grasp the apple, as evidenced by the empty gripper despite the action of picking it up. This failure prevented the robot from completing the subsequent steps of placing the apple in the bowl and storing it in the fridge.",['00:27'],The robot put the dark blue bowl (empty) instead of the white bowl with apple inside the fridge.,['02:57'],"00:27. Action: Pick up apple. Visual observation: fridge (with door open). nothing is inside robot gripper.
01:03. Action: Put apple in bowl. Visual observation: apple. nothing is inside robot gripper.
02:25. Action: Open fridge. Visual observation: table, white bowl, apple, fridge (with door open). apple is inside white bowl. white bowl is inside fridge. apple is inside fridge. nothing is inside robot gripper.
02:57. Action: Pick up bowl. Visual observation: apple-1, fridge-1 (with door open), fridge-2 (with door open), table, apple-2. apple-1 is inside fridge-1. apple-1 is inside fridge-2. fridge-1 is inside fridge-2. apple-1 is inside apple-2. apple-2 is inside fridge-2. nothing is inside robot gripper.
04:08. Action: Put bowl in fridge. Visual observation: apple-1, table, fridge-1 (with door open), fridge-2 (with door open), white bowl, apple-2. apple-1 is inside fridge-1. apple-1 is inside fridge-2. fridge-2 is inside fridge-1. fridge-1 is on the right of fridge-2. apple-1 is inside white bowl. white bowl is inside fridge-1. fridge-1 is on the right of white bowl. apple-1 is inside apple-2. apple-2 is inside fridge-1. fridge-1 is on the right of apple-2. apple-2 is inside fridge-2. fridge-2 is inside apple-2. apple-2 is inside white bowl. nothing is inside robot gripper.
04:57. Action: Close fridge. Visual observation: apple. nothing is inside robot gripper.
","00:27. Goal: Pick up apple. Visual observation: fridge (with door open). nothing is inside robot gripper.
01:03. Goal: Put apple in bowl. Visual observation: apple. nothing is inside robot gripper.
02:25. Goal: Open fridge. Visual observation: table, white bowl, apple, fridge (with door open). apple is inside white bowl. white bowl is inside fridge. apple is inside fridge. nothing is inside robot gripper.
02:57. Goal: Pick up bowl. Visual observation: apple-1, fridge-1 (with door open), fridge-2 (with door open), table, apple-2. apple-1 is inside fridge-1. apple-1 is inside fridge-2. fridge-1 is inside fridge-2. apple-1 is inside apple-2. apple-2 is inside fridge-2. nothing is inside robot gripper.
04:08. Goal: Put bowl in fridge. Visual observation: apple-1, table, fridge-1 (with door open), fridge-2 (with door open), white bowl, apple-2. apple-1 is inside fridge-1. apple-1 is inside fridge-2. fridge-2 is inside fridge-1. fridge-1 is on the right of fridge-2. apple-1 is inside white bowl. white bowl is inside fridge-1. fridge-1 is on the right of white bowl. apple-1 is inside apple-2. apple-2 is inside fridge-1. fridge-1 is on the right of apple-2. apple-2 is inside fridge-2. fridge-2 is inside apple-2. apple-2 is inside white bowl. nothing is inside robot gripper.
04:57. Goal: Close fridge. Visual observation: apple. nothing is inside robot gripper.
",4,False,2,False,0,0,False,RSN-DIAG,Mismatch on location/explanation indicates diagnosis error.,PER-MISSING,
appleInFridge2,appleInFridge,real_world/state_summary/appleInFridge2/reasoning.json,real_world/state_summary/appleInFridge2/llm_trace.json,"At 01:03, the robot failed to place the apple into the bowl because the visual observation indicated the apple remained inside the robot's gripper rather than being successfully deposited. This suggests the robot either misjudged the bowl's location or lacked the precise control to release the apple into the container.",['01:03'],The robot put the bowl with apple on top of the fridge instead of inside it.,['04:13'],"00:31. Action: Pick up apple. Visual observation: white bowl, apple, fridge (with door open). apple is on top of white bowl. white bowl is inside fridge. apple is inside fridge. white bowl is inside robot gripper. apple is inside robot gripper.
01:03. Action: Put apple in bowl. Visual observation: apple. apple is inside robot gripper.
02:17. Action: Open fridge. Visual observation: table, fridge-1 (with door open), apple-1, white bowl, fridge-2 (with door open), apple-2. apple-1 is inside fridge-1. white bowl is inside fridge-1. fridge-1 is on the right of white bowl. apple-1 is inside white bowl. fridge-2 is inside fridge-1. fridge-1 is on the right of fridge-2. fridge-2 is on top of apple-1. apple-1 is inside fridge-2. apple-2 is inside fridge-1. fridge-1 is on the right of apple-2. apple-2 is on top of apple-1. apple-1 is inside apple-2. nothing is inside robot gripper.
02:56. Action: Pick up bowl. Visual observation: fridge-1 (with door open), table, apple, fridge-2 (with door open). fridge-1 is on top of table. apple is inside fridge-1. fridge-1 is inside apple. apple is on top of table. fridge-2 is on the left of fridge-1. fridge-1 is on top of fridge-2. fridge-2 is on the left of apple. apple is on top of fridge-2. nothing is inside robot gripper.
03:51. Action: Put bowl in fridge. Visual observation: fridge-1 (with door open), fridge-2 (with door closed). fridge-2 is inside fridge-1. nothing is inside robot gripper. Auditory observation: gas stove burner turns on.
04:13. Action: Put bowl in fridge. Visual observation: fridge-1 (with door open), fridge-2 (with door closed). fridge-2 is inside fridge-1. nothing is inside robot gripper.
05:12. Action: Close fridge. Visual observation: fridge-1 (with door open), fridge-2 (with door closed). fridge-1 is on top of fridge-2. nothing is inside robot gripper.
","00:31. Goal: Pick up apple. Visual observation: white bowl, apple, fridge (with door open). apple is on top of white bowl. white bowl is inside fridge. apple is inside fridge. white bowl is inside robot gripper. apple is inside robot gripper.
01:03. Goal: Put apple in bowl. Visual observation: apple. apple is inside robot gripper.
02:17. Goal: Open fridge. Visual observation: table, fridge-1 (with door open), apple-1, white bowl, fridge-2 (with door open), apple-2. apple-1 is inside fridge-1. white bowl is inside fridge-1. fridge-1 is on the right of white bowl. apple-1 is inside white bowl. fridge-2 is inside fridge-1. fridge-1 is on the right of fridge-2. fridge-2 is on top of apple-1. apple-1 is inside fridge-2. apple-2 is inside fridge-1. fridge-1 is on the right of apple-2. apple-2 is on top of apple-1. apple-1 is inside apple-2. nothing is inside robot gripper.
02:56. Goal: Pick up bowl. Visual observation: fridge-1 (with door open), table, apple, fridge-2 (with door open). fridge-1 is on top of table. apple is inside fridge-1. fridge-1 is inside apple. apple is on top of table. fridge-2 is on the left of fridge-1. fridge-1 is on top of fridge-2. fridge-2 is on the left of apple. apple is on top of fridge-2. nothing is inside robot gripper.
04:13. Goal: Put bowl in fridge. Visual observation: fridge-1 (with door open), fridge-2 (with door closed). fridge-2 is inside fridge-1. nothing is inside robot gripper.
05:12. Goal: Close fridge. Visual observation: fridge-1 (with door open), fridge-2 (with door closed). fridge-1 is on top of fridge-2. nothing is inside robot gripper.
",5,False,2,False,0,0,False,PER-SPATIAL,Contradictory spatial relations indicate relation-assignment perception error.,PER-SPATIAL,
appleInFridge3,appleInFridge,real_world/state_summary/appleInFridge3/reasoning.json,real_world/state_summary/appleInFridge3/llm_trace.json,"At 00:54, the robot failed to store the apple in the bowl because the apple remained on the table instead of being inside the gripper or the bowl. This indicates that the ""Put apple in bowl"" action did not successfully grasp or transfer the apple, leaving the object in its original location.",['00:54'],The robot did not open the firdge before attempting to put the bowl inside.,['2:41'],"00:27. Action: Pick up apple. Visual observation: table, apple. apple is on top of table. apple is inside robot gripper.
00:54. Action: Put apple in bowl. Visual observation: apple, table. apple is on top of table. nothing is inside robot gripper.
01:27. Action: Pick up bowl. Visual observation: apple, dark blue bowl. apple is on top of dark blue bowl. apple is inside robot gripper.
02:41. Action: Put bowl in fridge. Visual observation: black fridge (with door open), table. nothing is inside robot gripper.
03:50. Action: Open fridge. Visual observation: table. nothing is inside robot gripper.
04:48. Action: Close fridge. Visual observation: black fridge-1 (with door open), black fridge-2 (with door closed), table. black fridge-2 is inside black fridge-1. black fridge-1 is on top of table. black fridge-2 is on top of table. nothing is inside robot gripper.
","00:27. Goal: Pick up apple. Visual observation: table, apple. apple is on top of table. apple is inside robot gripper.
00:54. Goal: Put apple in bowl. Visual observation: apple, table. apple is on top of table. nothing is inside robot gripper.
01:27. Goal: Pick up bowl. Visual observation: apple, dark blue bowl. apple is on top of dark blue bowl. apple is inside robot gripper.
02:41. Goal: Put bowl in fridge. Visual observation: black fridge (with door open), table. nothing is inside robot gripper.
03:50. Goal: Open fridge. Visual observation: table. nothing is inside robot gripper.
04:48. Goal: Close fridge. Visual observation: black fridge-1 (with door open), black fridge-2 (with door closed), table. black fridge-2 is inside black fridge-1. black fridge-1 is on top of table. black fridge-2 is on top of table. nothing is inside robot gripper.
",5,False,2,False,0,0,False,PER-SPATIAL,Contradictory spatial relations indicate relation-assignment perception error.,PER-SPATIAL,
appleInFridge4,appleInFridge,real_world/state_summary/appleInFridge4/reasoning.json,real_world/state_summary/appleInFridge4/llm_trace.json,"At 00:27, the robot failed to place the apple into the bowl because it incorrectly grasped the bowl itself instead of the apple, likely due to a misinterpretation of the visual data where the apple appeared to be inside or on top of the bowl. This error prevented the robot from completing the task of storing the apple in the bowl before moving it to the fridge.",['00:27'],The robot never closed the fridge door.,['3:47'],"00:27. Action: Pick up apple. Visual observation: dark blue bowl, apple-1, apple-2. apple-1 is on top of dark blue bowl. apple-2 is near dark blue bowl. apple-1 is inside apple-2. dark blue bowl is inside robot gripper.
00:48. Action: Put apple in bowl. Visual observation: black fridge (with door closed), table. nothing is inside robot gripper.
01:58. Action: Open fridge. Visual observation: apple-1, dark blue bowl, apple-2. apple-1 is inside dark blue bowl. apple-1 is inside apple-2. apple-2 is inside dark blue bowl. dark blue bowl is inside robot gripper.
02:39. Action: Pick up bowl. Visual observation: apple-1, table, apple-2, dark blue bowl. apple-1 is on top of table. apple-1 is inside apple-2. apple-2 is on top of table. apple-1 is on top of dark blue bowl. dark blue bowl is on top of table. apple-2 is near dark blue bowl. nothing is inside robot gripper.
03:47. Action: Put bowl in fridge. Visual observation: apple, black fridge (with door closed), table. apple is on top of table. nothing is inside robot gripper.
","00:27. Goal: Pick up apple. Visual observation: dark blue bowl, apple-1, apple-2. apple-1 is on top of dark blue bowl. apple-2 is near dark blue bowl. apple-1 is inside apple-2. dark blue bowl is inside robot gripper.
00:48. Goal: Put apple in bowl. Visual observation: black fridge (with door closed), table. nothing is inside robot gripper.
01:58. Goal: Open fridge. Visual observation: apple-1, dark blue bowl, apple-2. apple-1 is inside dark blue bowl. apple-1 is inside apple-2. apple-2 is inside dark blue bowl. dark blue bowl is inside robot gripper.
02:39. Goal: Pick up bowl. Visual observation: apple-1, table, apple-2, dark blue bowl. apple-1 is on top of table. apple-1 is inside apple-2. apple-2 is on top of table. apple-1 is on top of dark blue bowl. dark blue bowl is on top of table. apple-2 is near dark blue bowl. nothing is inside robot gripper.
03:47. Goal: Put bowl in fridge. Visual observation: apple, black fridge (with door closed), table. apple is on top of table. nothing is inside robot gripper.
",4,False,2,False,0,0,False,PER-SPATIAL,Contradictory spatial relations indicate relation-assignment perception error.,PER-SPATIAL,
boilWater1,boilWater,real_world/state_summary/boilWater1/reasoning.json,real_world/state_summary/boilWater1/llm_trace.json,"At 01:14, the robot attempted to toggle on the faucet to fill the pot with water, but the action failed because the pot was not present in the sink or on the stove burner at that time. The failure was caused by the robot's inability to locate or access the pot, which had been placed in the sink at 00:49 and was no longer visible in the environment observations.","['01:14', '00:49']",A bowl is put on top of the stove burner instead of a pot.,"['01:58', '02:22']","00:20. Action: Pick up pot. Visual observation: faucet-1 (toggled on), stove burner-1, dark blue bowl, stove burner-2, faucet-2 (toggled on), pot (empty), stove burner-3. stove burner-1 is inside faucet-1. dark blue bowl is inside faucet-1. dark blue bowl is on top of stove burner-1. stove burner-1 is inside dark blue bowl. stove burner-2 is inside faucet-1. faucet-1 is on top of stove burner-2. stove burner-1 is on top of stove burner-2. dark blue bowl is on top of stove burner-2. faucet-2 is inside faucet-1. faucet-2 is on the right of stove burner-1. faucet-2 is on the right of dark blue bowl. faucet-2 is on top of stove burner-2. pot is inside faucet-1. pot is on the right of stove burner-1. pot is on the right of dark blue bowl. pot is on top of stove burner-2. stove burner-3 is on top of faucet-1. faucet-1 is on the right of stove burner-3. stove burner-3 is on top of stove burner-1. stove burner-1 is on top of stove burner-3. stove burner-3 is on top of dark blue bowl. dark blue bowl is on top of stove burner-3. stove burner-3 is on top of stove burner-2. dark blue bowl is inside robot gripper. pot is inside robot gripper.
00:49. Action: Put pot in sink. Visual observation: stove burner, pot (empty), sink. pot is on top of stove burner. pot is inside sink. nothing is inside robot gripper.
01:14. Action: Toggle on faucet. Visual observation: stove burner, sink. nothing is inside robot gripper.
01:38. Action: Toggle off faucet. Visual observation: faucet (toggled off), stove burner, sink. nothing is inside robot gripper.
01:58. Action: Pick up bowl. Visual observation: stove burner, pot-1 (empty), pot-2 (empty), sink. pot-2 is inside pot-1. pot-2 is inside sink. nothing is inside robot gripper.
02:22. Action: Put bowl on stove burner. Visual observation: faucet (toggled off), sink. nothing is inside robot gripper.
03:11. Action: Toggle on stove burner. Visual observation: faucet (toggled off), sink. nothing is inside robot gripper. Auditory observation: gas stove burner turns on.
","00:20. Goal: Pick up pot. Visual observation: faucet-1 (toggled on), stove burner-1, dark blue bowl, stove burner-2, faucet-2 (toggled on), pot (empty), stove burner-3. stove burner-1 is inside faucet-1. dark blue bowl is inside faucet-1. dark blue bowl is on top of stove burner-1. stove burner-1 is inside dark blue bowl. stove burner-2 is inside faucet-1. faucet-1 is on top of stove burner-2. stove burner-1 is on top of stove burner-2. dark blue bowl is on top of stove burner-2. faucet-2 is inside faucet-1. faucet-2 is on the right of stove burner-1. faucet-2 is on the right of dark blue bowl. faucet-2 is on top of stove burner-2. pot is inside faucet-1. pot is on the right of stove burner-1. pot is on the right of dark blue bowl. pot is on top of stove burner-2. stove burner-3 is on top of faucet-1. faucet-1 is on the right of stove burner-3. stove burner-3 is on top of stove burner-1. stove burner-1 is on top of stove burner-3. stove burner-3 is on top of dark blue bowl. dark blue bowl is on top of stove burner-3. stove burner-3 is on top of stove burner-2. dark blue bowl is inside robot gripper. pot is inside robot gripper.
00:49. Goal: Put pot in sink. Visual observation: stove burner, pot (empty), sink. pot is on top of stove burner. pot is inside sink. nothing is inside robot gripper.
01:14. Goal: Toggle on faucet. Visual observation: stove burner, sink. nothing is inside robot gripper.
01:38. Goal: Toggle off faucet. Visual observation: faucet (toggled off), stove burner, sink. nothing is inside robot gripper.
01:58. Goal: Pick up bowl. Visual observation: stove burner, pot-1 (empty), pot-2 (empty), sink. pot-2 is inside pot-1. pot-2 is inside sink. nothing is inside robot gripper.
02:22. Goal: Put bowl on stove burner. Visual observation: faucet (toggled off), sink. nothing is inside robot gripper.
03:11. Goal: Toggle on stove burner. Visual observation: faucet (toggled off), sink. nothing is inside robot gripper. Auditory observation: gas stove burner turns on.
",11,False,1,False,0,0,False,RSN-DIAG,Mismatch on location/explanation indicates diagnosis error.,PER-MISSING,
boilWater2,boilWater,real_world/state_summary/boilWater2/reasoning.json,real_world/state_summary/boilWater2/llm_trace.json,"At 00:25, the robot failed to boil water because the pot was empty and had been moved into the sink rather than being placed on an active stove burner. This indicates a failure in the task execution where the robot either could not locate water to fill the pot or incorrectly placed the empty pot away from the heat source.",['00:25'],The robot never toggled on and off the faucet to fill the pot with water.,"['01:00', '01:41']","00:25. Action: Pick up pot. Visual observation: pot (empty), stove burner-1, stove burner-2, stove burner-3, stove burner-4, sink. pot is on the right of stove burner-1. pot is on the right of stove burner-2. stove burner-2 is on the left of stove burner-1. stove burner-1 is on top of stove burner-2. pot is on top of stove burner-3. stove burner-1 is on top of stove burner-3. stove burner-2 is on top of stove burner-3. stove burner-4 is on top of stove burner-1. stove burner-1 is on top of stove burner-4. stove burner-4 is on top of stove burner-2. stove burner-2 is on top of stove burner-4. stove burner-4 is on top of stove burner-3. pot is inside sink. stove burner-1 is inside sink. stove burner-2 is inside sink. stove burner-3 is inside sink. stove burner-4 is inside sink. nothing is inside robot gripper.
01:00. Action: Put pot in sink. Visual observation: stove burner, sink. nothing is inside robot gripper.
01:41. Action: Pick up pot. Visual observation: faucet (toggled off), stove burner-1, stove burner-2, stove burner-3, stove burner-4, sink. stove burner-2 is on top of stove burner-1. stove burner-3 is on top of stove burner-1. stove burner-3 is on top of stove burner-2. stove burner-2 is on top of stove burner-3. stove burner-4 is on top of stove burner-1. stove burner-4 is on top of stove burner-2. stove burner-4 is on top of stove burner-3. stove burner-1 is inside sink. stove burner-2 is inside sink. stove burner-3 is inside sink. stove burner-4 is inside sink. nothing is inside robot gripper.
02:06. Action: Put pot on stove burner. Visual observation: stove burner, sink. nothing is inside robot gripper.
02:38. Action: Toggle on stove burner. Visual observation: faucet (toggled off), sink. nothing is inside robot gripper.
 Visual observation: sink. nothing is inside robot gripper. Auditory observation: gas stove burner turns on.
","00:25. Goal: Pick up pot. Visual observation: pot (empty), stove burner-1, stove burner-2, stove burner-3, stove burner-4, sink. pot is on the right of stove burner-1. pot is on the right of stove burner-2. stove burner-2 is on the left of stove burner-1. stove burner-1 is on top of stove burner-2. pot is on top of stove burner-3. stove burner-1 is on top of stove burner-3. stove burner-2 is on top of stove burner-3. stove burner-4 is on top of stove burner-1. stove burner-1 is on top of stove burner-4. stove burner-4 is on top of stove burner-2. stove burner-2 is on top of stove burner-4. stove burner-4 is on top of stove burner-3. pot is inside sink. stove burner-1 is inside sink. stove burner-2 is inside sink. stove burner-3 is inside sink. stove burner-4 is inside sink. nothing is inside robot gripper.
01:00. Goal: Put pot in sink. Visual observation: stove burner, sink. nothing is inside robot gripper.
01:41. Goal: Pick up pot. Visual observation: faucet (toggled off), stove burner-1, stove burner-2, stove burner-3, stove burner-4, sink. stove burner-2 is on top of stove burner-1. stove burner-3 is on top of stove burner-1. stove burner-3 is on top of stove burner-2. stove burner-2 is on top of stove burner-3. stove burner-4 is on top of stove burner-1. stove burner-4 is on top of stove burner-2. stove burner-4 is on top of stove burner-3. stove burner-1 is inside sink. stove burner-2 is inside sink. stove burner-3 is inside sink. stove burner-4 is inside sink. nothing is inside robot gripper.
02:06. Goal: Put pot on stove burner. Visual observation: stove burner, sink. nothing is inside robot gripper.
02:38. Goal: Toggle on stove burner. Visual observation: faucet (toggled off), sink. nothing is inside robot gripper.
",8,False,1,False,0,0,False,RSN-DIAG,Mismatch on location/explanation indicates diagnosis error.,PER-SPATIAL,
boilWater3,boilWater,real_world/state_summary/boilWater3/reasoning.json,real_world/state_summary/boilWater3/llm_trace.json,"At 00:17, the robot failed to pick up the pot because its gripper was empty, indicating it could not grasp the object despite the task requiring it to handle the pot. This failure likely stemmed from an inability to correctly identify the pot's location or a malfunction in the grasping mechanism.",['00:17'],"All stove burners are already occupied (by pan and red kettle), as a result, the pot cannot be put on stove burner.",['03:08'],"00:17. Action: Pick up pot. Visual observation: faucet (toggled off), sink. nothing is inside robot gripper.
00:39. Action: Put pot in sink. Visual observation: faucet (toggled on), red kettle, pot (empty), stove burner. red kettle is on top of faucet. pot is inside faucet. red kettle is inside pot. red kettle is on top of stove burner. pot is on top of stove burner. nothing is inside robot gripper. Auditory observation: gas stove burner turns on.
00:50. Action: Put pot in sink. Visual observation: pot (empty), faucet (toggled off), stove burner-1, sink, stove burner-2. pot is on the right of stove burner-1. pot is inside sink. stove burner-1 is inside sink. pot is on top of stove burner-2. stove burner-1 is on top of stove burner-2. stove burner-2 is inside sink. nothing is inside robot gripper.
01:12. Action: Toggle on faucet. Visual observation: pot (empty), faucet (toggled off), stove burner-1, sink, stove burner-2. pot is on the right of stove burner-1. pot is inside sink. stove burner-1 is inside sink. pot is on top of stove burner-2. stove burner-1 is on top of stove burner-2. stove burner-2 is inside sink. nothing is inside robot gripper.
01:34. Action: Toggle off faucet. Visual observation: stove burner-1, faucet (toggled off), sink, stove burner-2. stove burner-1 is inside sink. stove burner-1 is on top of stove burner-2. stove burner-2 is inside sink. nothing is inside robot gripper.
01:59. Action: Pick up pot. Visual observation: pot (empty), faucet (toggled off), stove burner. pot is on top of stove burner. nothing is inside robot gripper. Auditory observation: gas stove burner turns on.
02:24. Action: Pick up pot. Visual observation: pot-1 (filled with water), faucet-1 (toggled off), faucet-2 (toggled off), pot-2 (empty). faucet-1 is inside pot-1. pot-1 is inside faucet-1. pot-1 is on the right of faucet-2. faucet-1 is on the right of faucet-2. pot-1 is inside pot-2. faucet-1 is inside pot-2. faucet-2 is inside pot-2. nothing is inside robot gripper.
03:08. Action: Put pot on stove burner. Visual observation: faucet (toggled off), stove burner-1, sink, stove burner-2. stove burner-1 is inside sink. stove burner-1 is on top of stove burner-2. stove burner-2 is inside sink. nothing is inside robot gripper.
03:51. Action: Toggle on stove burner. Visual observation: pan, stove burner-1, sink, stove burner-2. pan is on the right of stove burner-1. pan is inside sink. stove burner-1 is inside sink. pan is on top of stove burner-2. stove burner-1 is on top of stove burner-2. stove burner-2 is inside sink. nothing is inside robot gripper. Auditory observation: gas stove burner turns on.
03:56. Action: Toggle on stove burner. Visual observation: stove burner-1, faucet (toggled off), sink, stove burner-2. stove burner-1 is inside sink. stove burner-1 is on top of stove burner-2. stove burner-2 is inside sink. nothing is inside robot gripper.
","00:17. Goal: Pick up pot. Visual observation: faucet (toggled off), sink. nothing is inside robot gripper.
00:50. Goal: Put pot in sink. Visual observation: pot (empty), faucet (toggled off), stove burner-1, sink, stove burner-2. pot is on the right of stove burner-1. pot is inside sink. stove burner-1 is inside sink. pot is on top of stove burner-2. stove burner-1 is on top of stove burner-2. stove burner-2 is inside sink. nothing is inside robot gripper.
01:12. Goal: Toggle on faucet. Visual observation: pot (empty), faucet (toggled off), stove burner-1, sink, stove burner-2. pot is on the right of stove burner-1. pot is inside sink. stove burner-1 is inside sink. pot is on top of stove burner-2. stove burner-1 is on top of stove burner-2. stove burner-2 is inside sink. nothing is inside robot gripper.
01:34. Goal: Toggle off faucet. Visual observation: stove burner-1, faucet (toggled off), sink, stove burner-2. stove burner-1 is inside sink. stove burner-1 is on top of stove burner-2. stove burner-2 is inside sink. nothing is inside robot gripper.
02:24. Goal: Pick up pot. Visual observation: pot-1 (filled with water), faucet-1 (toggled off), faucet-2 (toggled off), pot-2 (empty). faucet-1 is inside pot-1. pot-1 is inside faucet-1. pot-1 is on the right of faucet-2. faucet-1 is on the right of faucet-2. pot-1 is inside pot-2. faucet-1 is inside pot-2. faucet-2 is inside pot-2. nothing is inside robot gripper.
03:08. Goal: Put pot on stove burner. Visual observation: faucet (toggled off), stove burner-1, sink, stove burner-2. stove burner-1 is inside sink. stove burner-1 is on top of stove burner-2. stove burner-2 is inside sink. nothing is inside robot gripper.
03:56. Goal: Toggle on stove burner. Visual observation: stove burner-1, faucet (toggled off), sink, stove burner-2. stove burner-1 is inside sink. stove burner-1 is on top of stove burner-2. stove burner-2 is inside sink. nothing is inside robot gripper.
",7,False,1,False,0,0,False,RSN-DIAG,Mismatch on location/explanation indicates diagnosis error.,PER-SPATIAL,
boilWater4,boilWater,real_world/state_summary/boilWater4/reasoning.json,real_world/state_summary/boilWater4/llm_trace.json,"The robot failed because its visual observations contain contradictory and physically impossible states, such as the pot being simultaneously empty, inside the faucet, on top of multiple burners, and inside the sink all at once. This indicates a severe sensor malfunction or localization error that prevented the robot from correctly perceiving the pot's actual position on the stove to proceed with boiling water.",['No time steps are mentioned in the provided sentence.'],The robot accidentally dropped the pot when moving to stove burner.,['02:43'],"00:26. Action: Pick up pot. Visual observation: pot (empty), stove burner-1, faucet (toggled off), stove burner-2, stove burner-3, sink. pot is on the right of stove burner-1. pot is inside faucet. pot is on top of stove burner-2. stove burner-1 is on top of stove burner-2. stove burner-3 is on top of stove burner-1. stove burner-3 is on top of stove burner-2. pot is inside sink. stove burner-1 is inside sink. stove burner-2 is inside sink. stove burner-3 is inside sink. nothing is inside robot gripper.
00:51. Action: Put pot in sink. Visual observation: stove burner-1, pot (empty), faucet (toggled off), stove burner-2, stove burner-3, stove burner-4, sink. pot is on top of stove burner-1. stove burner-1 is inside pot. stove burner-2 is on top of stove burner-1. stove burner-2 is inside pot. stove burner-3 is on top of stove burner-1. stove burner-3 is inside pot. stove burner-3 is on top of stove burner-2. stove burner-2 is on the left of stove burner-3. stove burner-4 is on top of stove burner-1. stove burner-4 is inside pot. stove burner-4 is on top of faucet. stove burner-4 is on top of stove burner-2. stove burner-2 is below stove burner-4. stove burner-4 is on top of stove burner-3. stove burner-1 is inside sink. pot is inside sink. stove burner-2 is inside sink. stove burner-3 is inside sink. stove burner-4 is inside sink. nothing is inside robot gripper. Auditory observation: gas stove burner turns on.
01:01. Action: Put pot in sink. Visual observation: stove burner, sink. nothing is inside robot gripper.
01:29. Action: Toggle on faucet. Visual observation: faucet (toggled off), pot (empty), stove burner, sink. pot is on top of stove burner. pot is inside sink. nothing is inside robot gripper.
01:48. Action: Toggle off faucet. Visual observation: faucet (toggled off), stove burner, sink. nothing is inside robot gripper.
02:31. Action: Pick up pot. Visual observation: stove burner. nothing is inside robot gripper.
02:43. Action: Put pot on stove burner. Visual observation: stove burner-1, stove burner-2, pot (empty). stove burner-1 is on top of stove burner-2. pot is on top of stove burner-2. nothing is inside robot gripper. Auditory observation: something drops on the ground.
03:00. Action: Put pot on stove burner. Visual observation: stove burner, sink. nothing is inside robot gripper.
03:41. Action: Toggle on stove burner. Visual observation: faucet (toggled off), stove burner, sink. nothing is inside robot gripper.
","00:26. Goal: Pick up pot. Visual observation: pot (empty), stove burner-1, faucet (toggled off), stove burner-2, stove burner-3, sink. pot is on the right of stove burner-1. pot is inside faucet. pot is on top of stove burner-2. stove burner-1 is on top of stove burner-2. stove burner-3 is on top of stove burner-1. stove burner-3 is on top of stove burner-2. pot is inside sink. stove burner-1 is inside sink. stove burner-2 is inside sink. stove burner-3 is inside sink. nothing is inside robot gripper.
01:01. Goal: Put pot in sink. Visual observation: stove burner, sink. nothing is inside robot gripper.
01:29. Goal: Toggle on faucet. Visual observation: faucet (toggled off), pot (empty), stove burner, sink. pot is on top of stove burner. pot is inside sink. nothing is inside robot gripper.
01:48. Goal: Toggle off faucet. Visual observation: faucet (toggled off), stove burner, sink. nothing is inside robot gripper.
02:31. Goal: Pick up pot. Visual observation: stove burner. nothing is inside robot gripper.
03:00. Goal: Put pot on stove burner. Visual observation: stove burner, sink. nothing is inside robot gripper.
03:41. Goal: Toggle on stove burner. Visual observation: faucet (toggled off), stove burner, sink. nothing is inside robot gripper.
",8,False,1,False,0,0,False,PER-SPATIAL,Contradictory spatial relations indicate relation-assignment perception error.,PER-SPATIAL,
cutCarrot1,cutCarrot,real_world/state_summary/cutCarrot1/reasoning.json,real_world/state_summary/cutCarrot1/llm_trace.json,"The robot failed to cut the carrot because, after picking up the knife, the carrot was already resting on top of the blade rather than being held securely in the gripper for a proper cutting action. This misalignment prevented the robot from executing the intended slicing maneuver.","['picking up the knife', 'carrot was already resting on top of the blade', 'robot failed to cut the carrot']",The robot failed to slice the carrot because knife orientation is wrong.,['01:13'],"00:35. Action: Pick up knife. Visual observation: knife, orange carrot (a sliced carrot). orange carrot is on top of knife. nothing is inside robot gripper.
01:13. Action: Slice carrot. Visual observation: knife, orange carrot (a sliced carrot). knife is on top of orange carrot. orange carrot is inside robot gripper.
 Visual observation: knife. nothing is inside robot gripper. Auditory observation: gas stove burner turns on.
","00:35. Goal: Pick up knife. Visual observation: knife, orange carrot (a sliced carrot). orange carrot is on top of knife. nothing is inside robot gripper.
01:13. Goal: Slice carrot. Visual observation: knife, orange carrot (a sliced carrot). knife is on top of orange carrot. orange carrot is inside robot gripper.
",12,False,9,False,1,1,True,RSN-DIAG,Mismatch on location/explanation indicates diagnosis error.,PER-SPATIAL,
cutCarrot2,cutCarrot,real_world/state_summary/cutCarrot2/reasoning.json,real_world/state_summary/cutCarrot2/llm_trace.json,"At 00:37, the robot failed to successfully pick up the knife because its gripper was empty, indicating it could not grasp the tool despite the presence of two knives and a sliced carrot in the scene. This suggests a failure in the robot's object detection or grasping mechanism, preventing it from acquiring the necessary tool to continue the cutting task.",['00:37'],The robot accidentally dropped one carrot slice to floor when slicing.,['01:11'],"00:37. Action: Pick up knife. Visual observation: knife-1, knife-2, orange carrot (a sliced carrot). knife-2 is on the left of knife-1. knife-1 is inside knife-2. knife-1 is on the right of orange carrot. knife-2 is on top of orange carrot. nothing is inside robot gripper.
01:11. Action: Slice carrot. Visual observation: orange carrot (a sliced carrot), knife. knife is on the right of orange carrot. nothing is inside robot gripper. Auditory observation: something drops on the ground.
01:23. Action: Slice carrot. Visual observation: orange carrot (a sliced carrot), knife. knife is on top of orange carrot. orange carrot is inside robot gripper.
","00:37. Goal: Pick up knife. Visual observation: knife-1, knife-2, orange carrot (a sliced carrot). knife-2 is on the left of knife-1. knife-1 is inside knife-2. knife-1 is on the right of orange carrot. knife-2 is on top of orange carrot. nothing is inside robot gripper.
01:23. Goal: Slice carrot. Visual observation: orange carrot (a sliced carrot), knife. knife is on top of orange carrot. orange carrot is inside robot gripper.
",22,False,9,False,0,0,False,RSN-DIAG,Mismatch on location/explanation indicates diagnosis error.,PER-SPATIAL,
heatPot1,heatPot,real_world/state_summary/heatPot1/reasoning.json,real_world/state_summary/heatPot1/llm_trace.json,"At 00:23, the robot failed to pick up the pot because its gripper was empty while the pot remained on the stove burner, indicating that the grasping action did not successfully secure the object. This failure prevented the robot from proceeding with the task of pre-heating the pot.",['00:23'],The robot cannot pick up the pot due to a cutting board blocking the pot.,['00:23'],"00:23. Action: Pick up pot. Visual observation: gray pot, stove burner. gray pot is on top of stove burner. nothing is inside robot gripper.
00:46. Action: Put pot on stove burner. Visual observation: stove burner, gray pot-1, gray pot-2. gray pot-1 is on top of stove burner. gray pot-2 is on top of stove burner. gray pot-2 is on top of gray pot-1. nothing is inside robot gripper.
01:43. Action: Toggle on stove burner. Visual observation: stove burner, gray pot. gray pot is on top of stove burner. nothing is inside robot gripper. Auditory observation: gas stove burner turns on.
","00:23. Goal: Pick up pot. Visual observation: gray pot, stove burner. gray pot is on top of stove burner. nothing is inside robot gripper.
00:46. Goal: Put pot on stove burner. Visual observation: stove burner, gray pot-1, gray pot-2. gray pot-1 is on top of stove burner. gray pot-2 is on top of stove burner. gray pot-2 is on top of gray pot-1. nothing is inside robot gripper.
",4,True,11,True,0,0,False,RSN-DIAG,Mismatch on location/explanation indicates diagnosis error.,PER-SPATIAL,
heatPot2,heatPot,real_world/state_summary/heatPot2/reasoning.json,real_world/state_summary/heatPot2/llm_trace.json,"At 00:55, the robot failed to pre-heat the pot because it placed the pot into the sink instead of on the stove burner, likely due to a misidentification of the sink as the target location or a collision with the stacked pots. Consequently, the pot was not positioned on a heat source, preventing the pre-heating task from succeeding.",['00:55'],The robot failed to toggle on stove burner.,['01:31'],"00:27. Action: Pick up pot. Visual observation: stove burner, gray pot. gray pot is on top of stove burner. gray pot is inside robot gripper.
00:55. Action: Put pot on stove burner. Visual observation: sink, gray pot-1, gray pot-2. gray pot-2 is on top of gray pot-1. gray pot-1 is below gray pot-2. nothing is inside robot gripper.
01:31. Action: Toggle on stove burner. Visual observation: sink, gray pot-1, gray pot-2. gray pot-2 is on top of gray pot-1. nothing is inside robot gripper.
","00:27. Goal: Pick up pot. Visual observation: stove burner, gray pot. gray pot is on top of stove burner. gray pot is inside robot gripper.
00:55. Goal: Put pot on stove burner. Visual observation: sink, gray pot-1, gray pot-2. gray pot-2 is on top of gray pot-1. gray pot-1 is below gray pot-2. nothing is inside robot gripper.
01:31. Goal: Toggle on stove burner. Visual observation: sink, gray pot-1, gray pot-2. gray pot-2 is on top of gray pot-1. nothing is inside robot gripper.
",5,False,11,False,0,0,False,RSN-DIAG,Mismatch on location/explanation indicates diagnosis error.,PER-SPATIAL,
heatPotato1,heatPotato,real_world/state_summary/heatPotato1/reasoning.json,real_world/state_summary/heatPotato1/llm_trace.json,"The robot failed to pick up the potato because its visual observations incorrectly identified the dark blue bowl as being inside the potato, which is itself inside the microwave, rather than recognizing that the potato is inside the bowl. This severe object relationship hallucination prevented the robot from correctly locating the target object in its gripper.",['No time steps are mentioned in the sentence.'],The robot failed because it attempted to toggle on the microwave while the microwave door was still open.,"['04:24', '05:12']","00:31. Action: Pick up potato. Visual observation: dark blue bowl, microwave (with door closed and toggled on), potato. dark blue bowl is inside microwave. dark blue bowl is inside potato. potato is inside microwave. nothing is inside robot gripper.
00:55. Action: Put potato in bowl. Visual observation: microwave (with door open), potato, table-1, table-2. potato is inside microwave. table-1 is inside microwave. table-1 is inside potato. potato is on top of table-1. table-2 is inside microwave. potato is on top of table-2. table-1 is on top of table-2. nothing is inside robot gripper.
02:18. Action: Open microwave. Visual observation: microwave (with door open), table, potato. potato is inside microwave. potato is on top of table. nothing is inside robot gripper.
03:10. Action: Pick up bowl. Visual observation: microwave (with door closed and toggled on), potato, table. potato is inside microwave. potato is on top of table. nothing is inside robot gripper.
04:24. Action: Put bowl in microwave. Visual observation: microwave (with door open), table. nothing is inside robot gripper.
05:12. Action: Toggle on microwave. Visual observation: microwave (with door open), table. nothing is inside robot gripper.
06:14. Action: Close microwave. Visual observation: microwave (with door open), table. nothing is inside robot gripper.
06:47. Action: Toggle off microwave. Visual observation: microwave (with door open), table. nothing is inside robot gripper.
08:00. Action: Open microwave. Visual observation: microwave (with door open). nothing is inside robot gripper.
09:28. Action: Pick up bowl. Visual observation: table-1, potato, microwave (with door open), table-2. table-1 is inside potato. table-1 is inside microwave. potato is inside microwave. table-1 is on top of table-2. table-2 is inside potato. table-2 is inside microwave. nothing is inside robot gripper.
09:50. Action: Put bowl on table. Visual observation: table, dark blue bowl, microwave (with door open), potato-1, potato-2. dark blue bowl is on top of table. dark blue bowl is inside microwave. potato-1 is on top of table. potato-1 is inside dark blue bowl. dark blue bowl is on top of potato-1. potato-1 is inside microwave. potato-2 is on top of table. potato-2 is inside dark blue bowl. dark blue bowl is inside potato-2. potato-2 is inside microwave. potato-1 is inside potato-2. dark blue bowl is inside robot gripper.
10:58. Action: Close microwave. Visual observation: microwave (with door open), dark blue bowl, table, potato-1, potato-2. dark blue bowl is inside microwave. dark blue bowl is on top of table. potato-1 is inside microwave. potato-1 is inside dark blue bowl. dark blue bowl is on top of potato-1. potato-1 is on top of table. potato-2 is inside microwave. potato-2 is inside dark blue bowl. dark blue bowl is inside potato-2. potato-2 is on top of table. potato-2 is on top of potato-1. potato-1 is inside potato-2. dark blue bowl is inside robot gripper.
","00:31. Goal: Pick up potato. Visual observation: dark blue bowl, microwave (with door closed and toggled on), potato. dark blue bowl is inside microwave. dark blue bowl is inside potato. potato is inside microwave. nothing is inside robot gripper.
00:55. Goal: Put potato in bowl. Visual observation: microwave (with door open), potato, table-1, table-2. potato is inside microwave. table-1 is inside microwave. table-1 is inside potato. potato is on top of table-1. table-2 is inside microwave. potato is on top of table-2. table-1 is on top of table-2. nothing is inside robot gripper.
02:18. Goal: Open microwave. Visual observation: microwave (with door open), table, potato. potato is inside microwave. potato is on top of table. nothing is inside robot gripper.
03:10. Goal: Pick up bowl. Visual observation: microwave (with door closed and toggled on), potato, table. potato is inside microwave. potato is on top of table. nothing is inside robot gripper.
04:24. Goal: Put bowl in microwave. Visual observation: microwave (with door open), table. nothing is inside robot gripper.
05:12. Goal: Toggle on microwave. Visual observation: microwave (with door open), table. nothing is inside robot gripper.
06:14. Goal: Close microwave. Visual observation: microwave (with door open), table. nothing is inside robot gripper.
06:47. Goal: Toggle off microwave. Visual observation: microwave (with door open), table. nothing is inside robot gripper.
08:00. Goal: Open microwave. Visual observation: microwave (with door open). nothing is inside robot gripper.
09:28. Goal: Pick up bowl. Visual observation: table-1, potato, microwave (with door open), table-2. table-1 is inside potato. table-1 is inside microwave. potato is inside microwave. table-1 is on top of table-2. table-2 is inside potato. table-2 is inside microwave. nothing is inside robot gripper.
09:50. Goal: Put bowl on table. Visual observation: table, dark blue bowl, microwave (with door open), potato-1, potato-2. dark blue bowl is on top of table. dark blue bowl is inside microwave. potato-1 is on top of table. potato-1 is inside dark blue bowl. dark blue bowl is on top of potato-1. potato-1 is inside microwave. potato-2 is on top of table. potato-2 is inside dark blue bowl. dark blue bowl is inside potato-2. potato-2 is inside microwave. potato-1 is inside potato-2. dark blue bowl is inside robot gripper.
10:58. Goal: Close microwave. Visual observation: microwave (with door open), dark blue bowl, table, potato-1, potato-2. dark blue bowl is inside microwave. dark blue bowl is on top of table. potato-1 is inside microwave. potato-1 is inside dark blue bowl. dark blue bowl is on top of potato-1. potato-1 is on top of table. potato-2 is inside microwave. potato-2 is inside dark blue bowl. dark blue bowl is inside potato-2. potato-2 is on top of table. potato-2 is on top of potato-1. potato-1 is inside potato-2. dark blue bowl is inside robot gripper.
",4,False,4,False,0,0,False,PER-SPATIAL,Contradictory spatial relations indicate relation-assignment perception error.,PER-SPATIAL,
heatPotato2,heatPotato,real_world/state_summary/heatPotato2/reasoning.json,real_world/state_summary/heatPotato2/llm_trace.json,"At 00:38, the robot failed to pick up the potato because the dark blue bowl containing it was still inside the closed microwave, leaving the robot's gripper empty. The failure was caused by the robot's inability to access the food item while it remained enclosed within the microwave.",['00:38'],The robot failed because it attempted to open the microwave door while it was still toggled on.,['01:48'],"00:38. Action: Pick up potato. Visual observation: microwave (with door closed and toggled off), dark blue bowl, table. dark blue bowl is inside microwave. nothing is inside robot gripper.
01:03. Action: Put potato in bowl. Visual observation: microwave (with door open), table-1, potato-1, potato-2, table-2. table-1 is inside microwave. potato-1 is inside microwave. table-1 is inside potato-1. potato-2 is inside microwave. potato-2 is on top of potato-1. table-2 is inside microwave. table-1 is on top of table-2. potato-1 is on top of table-2. potato-2 is on top of table-2. nothing is inside robot gripper.
01:43. Action: Toggle on microwave. Visual observation: microwave (with door open), table-1, potato-1, potato-2, table-2. table-1 is inside microwave. potato-1 is inside microwave. table-1 is inside potato-1. potato-2 is inside microwave. potato-2 is on top of table-1. table-1 is inside potato-2. potato-2 is on top of potato-1. table-2 is inside microwave. table-1 is on top of table-2. potato-1 is on top of table-2. potato-2 is on top of table-2. nothing is inside robot gripper.
02:02. Action: Open microwave. Visual observation: dark blue bowl, microwave (with door open), table-1, potato-1, potato-2, table-2. dark blue bowl is inside microwave. table-1 is inside dark blue bowl. table-1 is inside microwave. potato-1 is inside microwave. table-1 is inside potato-1. potato-2 is inside dark blue bowl. potato-2 is inside microwave. potato-2 is inside potato-1. table-2 is on the right of dark blue bowl. dark blue bowl is on top of table-2. table-2 is inside microwave. table-1 is on top of table-2. table-2 is on the right of potato-1. potato-1 is on top of table-2. potato-2 is on top of table-2. nothing is inside robot gripper.
03:18. Action: Open microwave. Visual observation: microwave (with door open), potato-1, potato-2, table. potato-1 is inside microwave. potato-2 is inside microwave. potato-2 is on top of potato-1. potato-1 is on top of table. potato-2 is on top of table. nothing is inside robot gripper.
03:50. Action: Pick up bowl. Visual observation: potato, microwave (with door open), table. potato is inside microwave. potato is on top of table. nothing is inside robot gripper.
04:35. Action: Put bowl in microwave. Visual observation: microwave (with door open). nothing is inside robot gripper. Auditory observation: gas stove burner turns on.
05:18. Action: Put bowl in microwave. Visual observation: microwave (with door open), potato. potato is inside robot gripper.
06:14. Action: Close microwave. Visual observation: microwave (with door open). nothing is inside robot gripper.
07:46. Action: Open microwave. Visual observation: microwave (with door open). nothing is inside robot gripper.
09:14. Action: Pick up bowl. Visual observation: potato, microwave (with door open), table. potato is inside microwave. potato is on top of table. nothing is inside robot gripper.
09:38. Action: Put bowl on table. Visual observation: table, microwave (with door open), dark blue bowl, potato-1, potato-2. dark blue bowl is on top of table. dark blue bowl is inside microwave. potato-1 is on top of table. potato-1 is inside microwave. potato-1 is inside dark blue bowl. dark blue bowl is on top of potato-1. potato-2 is on top of table. potato-2 is inside microwave. potato-2 is inside dark blue bowl. dark blue bowl is inside potato-2. potato-2 is on top of potato-1. potato-1 is inside potato-2. dark blue bowl is inside robot gripper.
","00:38. Goal: Pick up potato. Visual observation: microwave (with door closed and toggled off), dark blue bowl, table. dark blue bowl is inside microwave. nothing is inside robot gripper.
01:03. Goal: Put potato in bowl. Visual observation: microwave (with door open), table-1, potato-1, potato-2, table-2. table-1 is inside microwave. potato-1 is inside microwave. table-1 is inside potato-1. potato-2 is inside microwave. potato-2 is on top of potato-1. table-2 is inside microwave. table-1 is on top of table-2. potato-1 is on top of table-2. potato-2 is on top of table-2. nothing is inside robot gripper.
01:43. Goal: Toggle on microwave. Visual observation: microwave (with door open), table-1, potato-1, potato-2, table-2. table-1 is inside microwave. potato-1 is inside microwave. table-1 is inside potato-1. potato-2 is inside microwave. potato-2 is on top of table-1. table-1 is inside potato-2. potato-2 is on top of potato-1. table-2 is inside microwave. table-1 is on top of table-2. potato-1 is on top of table-2. potato-2 is on top of table-2. nothing is inside robot gripper.
02:02. Goal: Open microwave. Visual observation: dark blue bowl, microwave (with door open), table-1, potato-1, potato-2, table-2. dark blue bowl is inside microwave. table-1 is inside dark blue bowl. table-1 is inside microwave. potato-1 is inside microwave. table-1 is inside potato-1. potato-2 is inside dark blue bowl. potato-2 is inside microwave. potato-2 is inside potato-1. table-2 is on the right of dark blue bowl. dark blue bowl is on top of table-2. table-2 is inside microwave. table-1 is on top of table-2. table-2 is on the right of potato-1. potato-1 is on top of table-2. potato-2 is on top of table-2. nothing is inside robot gripper.
03:18. Goal: Open microwave. Visual observation: microwave (with door open), potato-1, potato-2, table. potato-1 is inside microwave. potato-2 is inside microwave. potato-2 is on top of potato-1. potato-1 is on top of table. potato-2 is on top of table. nothing is inside robot gripper.
03:50. Goal: Pick up bowl. Visual observation: potato, microwave (with door open), table. potato is inside microwave. potato is on top of table. nothing is inside robot gripper.
05:18. Goal: Put bowl in microwave. Visual observation: microwave (with door open), potato. potato is inside robot gripper.
06:14. Goal: Close microwave. Visual observation: microwave (with door open). nothing is inside robot gripper.
07:46. Goal: Open microwave. Visual observation: microwave (with door open). nothing is inside robot gripper.
09:14. Goal: Pick up bowl. Visual observation: potato, microwave (with door open), table. potato is inside microwave. potato is on top of table. nothing is inside robot gripper.
09:38. Goal: Put bowl on table. Visual observation: table, microwave (with door open), dark blue bowl, potato-1, potato-2. dark blue bowl is on top of table. dark blue bowl is inside microwave. potato-1 is on top of table. potato-1 is inside microwave. potato-1 is inside dark blue bowl. dark blue bowl is on top of potato-1. potato-2 is on top of table. potato-2 is inside microwave. potato-2 is inside dark blue bowl. dark blue bowl is inside potato-2. potato-2 is on top of potato-1. potato-1 is inside potato-2. dark blue bowl is inside robot gripper.
",4,False,4,False,0,0,False,PER-SPATIAL,Contradictory spatial relations indicate relation-assignment perception error.,PER-SPATIAL,
makeCoffee1,makeCoffee,real_world/state_summary/makeCoffee1/reasoning.json,real_world/state_summary/makeCoffee1/llm_trace.json,"The robot failed to pick up the cup because its visual observations indicate that the coffee machines are nested or overlapping in an impossible physical configuration (one inside the other and both on the table), which likely confused the object detection or localization system. This erroneous perception prevented the robot from correctly identifying the cup's location or a valid path to grasp it, resulting in an empty gripper at the time of failure.",['No time steps are mentioned in the provided sentence.'],The robot failed to toggle on coffee machine.,['01:57'],"00:30. Action: Pick up cup. Visual observation: coffee machine-1, coffee machine-2, table. coffee machine-2 is inside coffee machine-1. coffee machine-1 is on top of table. coffee machine-2 is on top of table. nothing is inside robot gripper.
01:14. Action: Put cup in coffee machine. Visual observation: cup-1, cup-2, table. cup-1 is on top of table. cup-2 is on top of table. nothing is inside robot gripper.
01:57. Action: Toggle on coffee machine. Visual observation: cup-1, coffee machine, cup-2, table. cup-1 is on top of table. cup-2 is on top of table. nothing is inside robot gripper.
02:35. Action: Pick up cup. Visual observation: coffee machine-1, coffee machine-2. coffee machine-2 is inside coffee machine-1. nothing is inside robot gripper.
03:00. Action: Put cup on table. Visual observation: coffee machine, cup, table. cup is on top of table. nothing is inside robot gripper.
","00:30. Goal: Pick up cup. Visual observation: coffee machine-1, coffee machine-2, table. coffee machine-2 is inside coffee machine-1. coffee machine-1 is on top of table. coffee machine-2 is on top of table. nothing is inside robot gripper.
01:14. Goal: Put cup in coffee machine. Visual observation: cup-1, cup-2, table. cup-1 is on top of table. cup-2 is on top of table. nothing is inside robot gripper.
01:57. Goal: Toggle on coffee machine. Visual observation: cup-1, coffee machine, cup-2, table. cup-1 is on top of table. cup-2 is on top of table. nothing is inside robot gripper.
02:35. Goal: Pick up cup. Visual observation: coffee machine-1, coffee machine-2. coffee machine-2 is inside coffee machine-1. nothing is inside robot gripper.
03:00. Goal: Put cup on table. Visual observation: coffee machine, cup, table. cup is on top of table. nothing is inside robot gripper.
",7,False,3,False,0,0,False,PER-SPATIAL,Contradictory spatial relations indicate relation-assignment perception error.,PER-SPATIAL,
makeCoffee2,makeCoffee,real_world/state_summary/makeCoffee2/reasoning.json,real_world/state_summary/makeCoffee2/llm_trace.json,"The robot failed to pick up the cup because it was already located inside coffee machine-2, which was itself inside coffee machine-1, leaving the robot's gripper empty. This suggests the robot either misidentified the cup's location or attempted to grasp an object that was inaccessible within the nested machines.",['No time steps are mentioned in the sentence.'],"A mug is already inside the coffee machine, as a result, the cup cannot be put inside.",['01:11'],"00:31. Action: Pick up cup. Visual observation: cup, coffee machine-1, coffee machine-2. cup is inside coffee machine-2. coffee machine-1 is inside coffee machine-2. nothing is inside robot gripper.
01:11. Action: Put cup in coffee machine. Visual observation: cup, table. cup is on top of table. nothing is inside robot gripper.
02:23. Action: Toggle on coffee machine. Visual observation: coffee machine, table. nothing is inside robot gripper. Auditory observation: coffee machine turns on.
02:37. Action: Toggle on coffee machine. Visual observation: table. nothing is inside robot gripper.
03:18. Action: Pick up cup. Visual observation: coffee machine, table. nothing is inside robot gripper.
03:38. Action: Put cup on table. Visual observation: cup-1, coffee machine, cup-2, table. cup-1 is inside coffee machine. cup-1 is on the right of cup-2. cup-2 is inside coffee machine. cup-1 is on top of table. cup-2 is on top of table. nothing is inside robot gripper.
","00:31. Goal: Pick up cup. Visual observation: cup, coffee machine-1, coffee machine-2. cup is inside coffee machine-2. coffee machine-1 is inside coffee machine-2. nothing is inside robot gripper.
01:11. Goal: Put cup in coffee machine. Visual observation: cup, table. cup is on top of table. nothing is inside robot gripper.
02:37. Goal: Toggle on coffee machine. Visual observation: table. nothing is inside robot gripper.
03:18. Goal: Pick up cup. Visual observation: coffee machine, table. nothing is inside robot gripper.
03:38. Goal: Put cup on table. Visual observation: cup-1, coffee machine, cup-2, table. cup-1 is inside coffee machine. cup-1 is on the right of cup-2. cup-2 is inside coffee machine. cup-1 is on top of table. cup-2 is on top of table. nothing is inside robot gripper.
",4,False,3,False,0,0,False,PER-SPATIAL,Contradictory spatial relations indicate relation-assignment perception error.,PER-SPATIAL,
makeCoffee3,makeCoffee,real_world/state_summary/makeCoffee3/reasoning.json,real_world/state_summary/makeCoffee3/llm_trace.json,"The robot failed because the cups were nested inside one another in a chaotic configuration (e.g., a blue cup inside a pink cup), making it impossible to pick up a single cup without disturbing the others. This invalid state prevented the robot from successfully retrieving a cup to brew coffee.",['No time steps are mentioned in the sentence.'],The robot mistakenly picked up the pink cup instead of the blue cup after filling blue cup with coffee.,['02:04'],"01:27. Action: Toggle on coffee machine. Visual observation: blue cup-1, pink cup-1, pink cup-2, blue cup-2, table. pink cup-2 is inside blue cup-1. blue cup-1 is inside pink cup-2. blue cup-2 is inside pink cup-1. pink cup-1 is inside blue cup-2. blue cup-1 is on top of table. pink cup-1 is on top of table. pink cup-2 is on top of table. blue cup-2 is on top of table. nothing is inside robot gripper.
02:04. Action: Pick up cup. Visual observation: blue cup, coffee machine. blue cup is inside coffee machine. nothing is inside robot gripper.
02:27. Action: Put cup on table. Visual observation: blue cup-1, pink cup-1, pink cup-2, blue cup-2, table. blue cup-2 is inside pink cup-1. pink cup-1 is inside blue cup-2. blue cup-1 is on top of table. pink cup-1 is on top of table. pink cup-2 is on top of table. blue cup-2 is on top of table. nothing is inside robot gripper.
","01:27. Goal: Toggle on coffee machine. Visual observation: blue cup-1, pink cup-1, pink cup-2, blue cup-2, table. pink cup-2 is inside blue cup-1. blue cup-1 is inside pink cup-2. blue cup-2 is inside pink cup-1. pink cup-1 is inside blue cup-2. blue cup-1 is on top of table. pink cup-1 is on top of table. pink cup-2 is on top of table. blue cup-2 is on top of table. nothing is inside robot gripper.
02:04. Goal: Pick up cup. Visual observation: blue cup, coffee machine. blue cup is inside coffee machine. nothing is inside robot gripper.
02:27. Goal: Put cup on table. Visual observation: blue cup-1, pink cup-1, pink cup-2, blue cup-2, table. blue cup-2 is inside pink cup-1. pink cup-1 is inside blue cup-2. blue cup-1 is on top of table. pink cup-1 is on top of table. pink cup-2 is on top of table. blue cup-2 is on top of table. nothing is inside robot gripper.
",4,False,12,False,0,0,False,PER-SPATIAL,Contradictory spatial relations indicate relation-assignment perception error.,PER-SPATIAL,
putAppleBowl1,putAppleBowl,real_world/state_summary/putAppleBowl1/reasoning.json,real_world/state_summary/putAppleBowl1/llm_trace.json,"At 00:42, the robot failed to successfully grasp the apple, as evidenced by the empty gripper despite the intended action of picking it up. This failure prevented the robot from completing the task of placing the apple into the dark blue bowl.",['00:42'],Apple is placed on top of the bowl instead of inside the bowl due to the bowl being upside down.,"['01:00', '01:09']","00:42. Action: Pick up apple. Visual observation: dark blue bowl. nothing is inside robot gripper.
01:09. Action: Put apple inside bowl. Visual observation: dark blue bowl. nothing is inside robot gripper.
","00:42. Goal: Pick up apple. Visual observation: dark blue bowl. nothing is inside robot gripper.
01:09. Goal: Put apple inside bowl. Visual observation: dark blue bowl. nothing is inside robot gripper.
",7,False,8,False,0,0,False,RSN-DIAG,Mismatch on location/explanation indicates diagnosis error.,PER-SPATIAL,
putAppleBowl2,putAppleBowl,real_world/state_summary/putAppleBowl2/reasoning.json,real_world/state_summary/putAppleBowl2/llm_trace.json,"At 01:16, the robot failed to place the apple inside the bowl because the apple remained in the gripper on top of the bowl rather than being released. This indicates that the robot's action to ""put apple inside bowl"" at 01:16 did not successfully execute the release mechanism, likely due to a control error or misalignment following the earlier drop incident at 01:03.","['01:16', '01:03']",Apple was dropped from robot gripper when executing the action 'put apple in bowl'.,['01:03'],"00:48. Action: Pick up apple. Visual observation: apple, dark blue bowl. apple is inside dark blue bowl. apple is inside robot gripper.
01:03. Action: Put apple inside bowl. Visual observation: dark blue bowl. apple is inside robot gripper. Auditory observation: something drops on the ground.
01:16. Action: Put apple inside bowl. Visual observation: apple, dark blue bowl. apple is on top of dark blue bowl. apple is inside robot gripper.
","00:48. Goal: Pick up apple. Visual observation: apple, dark blue bowl. apple is inside dark blue bowl. apple is inside robot gripper.
01:16. Goal: Put apple inside bowl. Visual observation: apple, dark blue bowl. apple is on top of dark blue bowl. apple is inside robot gripper.
",9,True,8,False,0,0,False,PER-SPATIAL,Contradictory spatial relations indicate relation-assignment perception error.,PER-SPATIAL,
putAppleBowl3,putAppleBowl,real_world/state_summary/putAppleBowl3/reasoning.json,real_world/state_summary/putAppleBowl3/llm_trace.json,"The robot failed because its visual perception became logically inconsistent, reporting that the apple, knife, and bowl were all simultaneously inside one another, which contradicts the physical reality required to pick up the apple and place it in the bowl. This severe sensor or reasoning error prevented the robot from correctly identifying the spatial relationships needed to execute the task.",['No time steps are mentioned in the provided sentence.'],"The robot cannot put the apple inside the bowl because there's a knife on top of the bowl, blocking the space.",['01:06'],"00:31. Action: Pick up apple. Visual observation: knife, dark blue bowl, apple. dark blue bowl is inside knife. apple is inside knife. knife is inside apple. apple is near dark blue bowl. dark blue bowl is inside robot gripper.
01:06. Action: Put apple inside bowl. Visual observation: apple, knife, dark blue bowl. knife is on the right of apple. apple is inside knife. apple is inside dark blue bowl. dark blue bowl is inside knife. knife is inside dark blue bowl. nothing is inside robot gripper.
","00:31. Goal: Pick up apple. Visual observation: knife, dark blue bowl, apple. dark blue bowl is inside knife. apple is inside knife. knife is inside apple. apple is near dark blue bowl. dark blue bowl is inside robot gripper.
01:06. Goal: Put apple inside bowl. Visual observation: apple, knife, dark blue bowl. knife is on the right of apple. apple is inside knife. apple is inside dark blue bowl. dark blue bowl is inside knife. knife is inside dark blue bowl. nothing is inside robot gripper.
",7,False,8,False,0,0,False,PER-SPATIAL,Contradictory spatial relations indicate relation-assignment perception error.,PER-SPATIAL,
putFruitsBowl1,putFruitsBowl,real_world/state_summary/putFruitsBowl1/reasoning.json,real_world/state_summary/putFruitsBowl1/llm_trace.json,"The robot failed to pick up the strawberry because its gripper is empty, while the visual observation incorrectly indicates that the white bowl is inside the strawberry. This suggests a severe perception error where the robot misidentified the bowl's location relative to the fruit, preventing it from successfully grasping the strawberry to place it in the bowl.",['No time steps are mentioned in the provided sentence.'],The robot should not put carrot in the bowl since it is not a fruit.,"['02:56', '03:17']","00:39. Action: Pick up strawberry. Visual observation: white bowl, strawberry. white bowl is inside strawberry. nothing is inside robot gripper.
01:06. Action: Put strawberry in bowl. Visual observation: white bowl-1, carrot (not sliced), white bowl-2. white bowl-1 is inside white bowl-2. carrot is inside white bowl-2. nothing is inside robot gripper.
01:50. Action: Pick up pear. Visual observation: pear next to strawberry, pear, strawberry, white bowl. strawberry is inside pear next to strawberry. pear next to strawberry is inside strawberry. white bowl is inside pear next to strawberry. pear next to strawberry is inside white bowl. white bowl is inside strawberry. strawberry is inside white bowl. white bowl is inside robot gripper.
02:15. Action: Put pear in bowl. Visual observation: carrot (sliced), white bowl-1, white bowl-2, pear. white bowl-1 is on the right of carrot. carrot is inside white bowl-1. white bowl-2 is inside white bowl-1. white bowl-1 is on the right of white bowl-2. pear is inside white bowl-1. white bowl-1 is on the right of pear. pear is on top of white bowl-2. pear is inside robot gripper.
02:56. Action: Pick up carrot. Visual observation: pear, white bowl, strawberry. white bowl is on top of pear. pear is inside white bowl. pear is inside strawberry. white bowl is inside strawberry. white bowl is inside robot gripper.
03:15. Action: Put carrot in bowl. Visual observation: white bowl-1, white bowl-2. white bowl-1 is inside white bowl-2. nothing is inside robot gripper. Auditory observation: gas stove burner turns on.
03:17. Action: Put carrot in bowl. Visual observation: pear, white bowl, carrot-1 (sliced), carrot-2 (sliced). white bowl is on top of pear. pear is inside white bowl. carrot-2 is inside pear. pear is inside carrot-2. carrot-2 is inside white bowl. white bowl is on top of carrot-2. pear is inside robot gripper. white bowl is inside robot gripper.
","00:39. Goal: Pick up strawberry. Visual observation: white bowl, strawberry. white bowl is inside strawberry. nothing is inside robot gripper.
01:06. Goal: Put strawberry in bowl. Visual observation: white bowl-1, carrot (not sliced), white bowl-2. white bowl-1 is inside white bowl-2. carrot is inside white bowl-2. nothing is inside robot gripper.
01:50. Goal: Pick up pear. Visual observation: pear next to strawberry, pear, strawberry, white bowl. strawberry is inside pear next to strawberry. pear next to strawberry is inside strawberry. white bowl is inside pear next to strawberry. pear next to strawberry is inside white bowl. white bowl is inside strawberry. strawberry is inside white bowl. white bowl is inside robot gripper.
02:15. Goal: Put pear in bowl. Visual observation: carrot (sliced), white bowl-1, white bowl-2, pear. white bowl-1 is on the right of carrot. carrot is inside white bowl-1. white bowl-2 is inside white bowl-1. white bowl-1 is on the right of white bowl-2. pear is inside white bowl-1. white bowl-1 is on the right of pear. pear is on top of white bowl-2. pear is inside robot gripper.
02:56. Goal: Pick up carrot. Visual observation: pear, white bowl, strawberry. white bowl is on top of pear. pear is inside white bowl. pear is inside strawberry. white bowl is inside strawberry. white bowl is inside robot gripper.
03:17. Goal: Put carrot in bowl. Visual observation: pear, white bowl, carrot-1 (sliced), carrot-2 (sliced). white bowl is on top of pear. pear is inside white bowl. carrot-2 is inside pear. pear is inside carrot-2. carrot-2 is inside white bowl. white bowl is on top of carrot-2. pear is inside robot gripper. white bowl is inside robot gripper.
",7,False,10,False,0,0,False,PER-SPATIAL,Contradictory spatial relations indicate relation-assignment perception error.,PER-SPATIAL,
putFruitsBowl2,putFruitsBowl,real_world/state_summary/putFruitsBowl2/reasoning.json,real_world/state_summary/putFruitsBowl2/llm_trace.json,"At 00:37, the robot failed to pick up an apple because it mistakenly grasped apple-2, which was already containing apple-1, resulting in no object being successfully held in the gripper. This failure was caused by the robot's inability to distinguish between the outer and inner apples or to avoid grasping an object that was already occupied.",['00:37'],The robot did not put strawberry in the bowl since it is a fruit.,['02:01'],"00:37. Action: Pick up apple. Visual observation: apple-1, apple-2. apple-1 is inside apple-2. nothing is inside robot gripper.
01:05. Action: Put apple in bowl. Visual observation: apple, carrot (not sliced). apple is inside robot gripper.
01:41. Action: Pick up pear. Visual observation: apple-1, bowl, apple-2, apple-3, carrot (sliced), pear. apple-1 is inside apple-2. apple-2 is on the left of bowl. apple-3 is inside bowl. apple-3 is on the right of apple-2. apple-1 is inside carrot. carrot is inside apple-2. apple-1 is inside pear. bowl is inside pear. apple-2 is inside pear. apple-3 is inside pear. carrot is inside pear. bowl is inside robot gripper.
01:55. Action: Put pear in bowl. Visual observation: bowl is inside robot gripper. Auditory observation: gas stove burner turns on.
02:01. Action: Put pear in bowl. Visual observation: carrot (sliced), bowl, apple. apple is inside bowl. bowl is inside robot gripper. apple is inside robot gripper.
","00:37. Goal: Pick up apple. Visual observation: apple-1, apple-2. apple-1 is inside apple-2. nothing is inside robot gripper.
01:05. Goal: Put apple in bowl. Visual observation: apple, carrot (not sliced). apple is inside robot gripper.
01:41. Goal: Pick up pear. Visual observation: apple-1, bowl, apple-2, apple-3, carrot (sliced), pear. apple-1 is inside apple-2. apple-2 is on the left of bowl. apple-3 is inside bowl. apple-3 is on the right of apple-2. apple-1 is inside carrot. carrot is inside apple-2. apple-1 is inside pear. bowl is inside pear. apple-2 is inside pear. apple-3 is inside pear. carrot is inside pear. bowl is inside robot gripper.
02:01. Goal: Put pear in bowl. Visual observation: carrot (sliced), bowl, apple. apple is inside bowl. bowl is inside robot gripper. apple is inside robot gripper.
",7,False,10,False,0,0,False,RSN-DIAG,Mismatch on location/explanation indicates diagnosis error.,PER-SPATIAL,
putPearDrawer1,putPearDrawer,real_world/state_summary/putPearDrawer1/reasoning.json,real_world/state_summary/putPearDrawer1/llm_trace.json,"The robot failed to pick up the pear because its gripper is empty, indicating that the grasp action did not successfully acquire the object. This suggests a failure in the perception or execution of the ""Pick up pear"" command, preventing the robot from proceeding with the task of placing the pear in the drawer.",['No time steps are mentioned in the provided sentence.'],The robot never opened the drawer before trying to put pear in drawer.,['01:33'],"00:49. Action: Pick up pear. Visual observation: yellow drawer-1 (a yellow drawer that is closed), yellow drawer-2 (a yellow drawer that is open). yellow drawer-1 is inside yellow drawer-2. nothing is inside robot gripper.
01:33. Action: Put pear in drawer. Visual observation: yellow drawer (a yellow drawer that is closed). nothing is inside robot gripper.
","00:49. Goal: Pick up pear. Visual observation: yellow drawer-1 (a yellow drawer that is closed), yellow drawer-2 (a yellow drawer that is open). yellow drawer-1 is inside yellow drawer-2. nothing is inside robot gripper.
01:33. Goal: Put pear in drawer. Visual observation: yellow drawer (a yellow drawer that is closed). nothing is inside robot gripper.
",7,False,7,False,0,0,False,RSN-DIAG,Mismatch on location/explanation indicates diagnosis error.,PER-SPATIAL,
putPearDrawer2,putPearDrawer,real_world/state_summary/putPearDrawer2/reasoning.json,real_world/state_summary/putPearDrawer2/llm_trace.json,"At 00:39, the robot failed to open the drawer as intended, evidenced by the observation that the drawer remains closed while the robot's gripper is empty. This failure likely occurred because the robot could not successfully grasp the drawer handle or execute the opening motion, preventing it from proceeding with the task of placing the pear inside.",['00:39'],The robot failed to close the drawer because the drawer is too full.,['02:31'],"00:39. Action: Open drawer. Visual observation: drawer (closed), jell-o. nothing is inside robot gripper.
01:43. Action: Pick up pear. Visual observation: pear-1, pear-2. pear-1 is inside pear-2. nothing is inside robot gripper.
02:04. Action: Put pear in drawer. Visual observation: drawer (closed). nothing is inside robot gripper.
02:31. Action: Close drawer. Visual observation: carrots, drawer (open), jell-o. carrots is on top of drawer. nothing is inside robot gripper.
","00:39. Goal: Open drawer. Visual observation: drawer (closed), jell-o. nothing is inside robot gripper.
01:43. Goal: Pick up pear. Visual observation: pear-1, pear-2. pear-1 is inside pear-2. nothing is inside robot gripper.
02:04. Goal: Put pear in drawer. Visual observation: drawer (closed). nothing is inside robot gripper.
02:31. Goal: Close drawer. Visual observation: carrots, drawer (open), jell-o. carrots is on top of drawer. nothing is inside robot gripper.
",7,False,7,False,0,0,False,PER-SPATIAL,Contradictory spatial relations indicate relation-assignment perception error.,PER-SPATIAL,
putPearDrawer3,putPearDrawer,real_world/state_summary/putPearDrawer3/reasoning.json,real_world/state_summary/putPearDrawer3/llm_trace.json,"The robot failed to pick up the pear because it attempted to grasp pear-1, which was already inside pear-2, leaving the gripper empty. This indicates the robot could not successfully separate or access the target object due to the nested arrangement of the pears.",['No time steps are mentioned in the sentence.'],"The robot gripper is occupied by the pear when it attempted to open drawer, as a result, the drawer cannot be opened. The robot should open drawer first before picking up the pear.","['00:44', '01:10']","00:44. Action: Pick up pear. Visual observation: pear-1, pear-2. pear-1 is inside pear-2. nothing is inside robot gripper.
01:10. Action: Open drawer. Visual observation: pear. nothing is inside robot gripper.
01:33. Action: Put pear in drawer. Visual observation: drawer-1 (open), drawer-2 (closed). drawer-2 is inside drawer-1. drawer-1 is on the right of drawer-2. nothing is inside robot gripper.
01:51. Action: Close drawer. Visual observation: drawer-1 (open), drawer-2 (closed). drawer-2 is inside drawer-1. drawer-1 is on the right of drawer-2. nothing is inside robot gripper.
","00:44. Goal: Pick up pear. Visual observation: pear-1, pear-2. pear-1 is inside pear-2. nothing is inside robot gripper.
01:10. Goal: Open drawer. Visual observation: pear. nothing is inside robot gripper.
01:33. Goal: Put pear in drawer. Visual observation: drawer-1 (open), drawer-2 (closed). drawer-2 is inside drawer-1. drawer-1 is on the right of drawer-2. nothing is inside robot gripper.
01:51. Goal: Close drawer. Visual observation: drawer-1 (open), drawer-2 (closed). drawer-2 is inside drawer-1. drawer-1 is on the right of drawer-2. nothing is inside robot gripper.
",7,False,7,False,0,0,False,PER-SPATIAL,Contradictory spatial relations indicate relation-assignment perception error.,PER-SPATIAL,
sauteeCarrot1,sauteeCarrot,real_world/state_summary/sauteeCarrot1/reasoning.json,real_world/state_summary/sauteeCarrot1/llm_trace.json,"The robot failed to pick up the knife because its gripper was empty, indicating it could not grasp the object. This suggests a failure in the robot's perception or manipulation system to successfully acquire the required tool for cooking the carrot.",['No time steps are mentioned in the sentence.'],The robot has mistakenly picked up a spoon instead of knife to slice carrot.,['01:02'],"01:02. Action: Pick up knife. Visual observation: stove burner-1, stove burner-2, saucepan. stove burner-1 is on top of stove burner-2. stove burner-1 is inside saucepan. saucepan is on top of stove burner-2. stove burner-2 is inside saucepan. nothing is inside robot gripper.
01:59. Action: Slice carrot. Visual observation: stove burner-1, stove burner-2, stove burner-3, saucepan. stove burner-1 is on top of stove burner-2. stove burner-3 is on top of stove burner-2. stove burner-1 is inside saucepan. saucepan is on top of stove burner-2. stove burner-2 is inside saucepan. stove burner-3 is inside saucepan. nothing is inside robot gripper.
02:42. Action: Put knife on table. Visual observation: stove burner, saucepan. saucepan is on top of stove burner. nothing is inside robot gripper.
03:43. Action: Pick up carrot slice. Visual observation: stove burner-1, stove burner-2. stove burner-2 is on top of stove burner-1. stove burner-1 is on top of stove burner-2. nothing is inside robot gripper.
04:35. Action: Put carrot slice in saucepan. Visual observation: stove burner, carrot (sliced), spoon, saucepan. carrot is on top of stove burner. spoon is on top of stove burner. spoon is inside carrot. carrot is inside spoon. saucepan is on top of stove burner. carrot is inside saucepan. spoon is inside saucepan. carrot is inside robot gripper. spoon is inside robot gripper.
05:15. Action: Toggle on stove burner. Visual observation: stove burner-1, stove burner-2, saucepan. saucepan is on the left of stove burner-1. stove burner-1 is inside saucepan. stove burner-2 is inside saucepan. nothing is inside robot gripper. Auditory observation: gas stove burner turns on.
05:17. Action: Toggle on stove burner. Visual observation: stove burner, saucepan. nothing is inside robot gripper.
","01:02. Goal: Pick up knife. Visual observation: stove burner-1, stove burner-2, saucepan. stove burner-1 is on top of stove burner-2. stove burner-1 is inside saucepan. saucepan is on top of stove burner-2. stove burner-2 is inside saucepan. nothing is inside robot gripper.
01:59. Goal: Slice carrot. Visual observation: stove burner-1, stove burner-2, stove burner-3, saucepan. stove burner-1 is on top of stove burner-2. stove burner-3 is on top of stove burner-2. stove burner-1 is inside saucepan. saucepan is on top of stove burner-2. stove burner-2 is inside saucepan. stove burner-3 is inside saucepan. nothing is inside robot gripper.
02:42. Goal: Put knife on table. Visual observation: stove burner, saucepan. saucepan is on top of stove burner. nothing is inside robot gripper.
03:43. Goal: Pick up carrot slice. Visual observation: stove burner-1, stove burner-2. stove burner-2 is on top of stove burner-1. stove burner-1 is on top of stove burner-2. nothing is inside robot gripper.
04:35. Goal: Put carrot slice in saucepan. Visual observation: stove burner, carrot (sliced), spoon, saucepan. carrot is on top of stove burner. spoon is on top of stove burner. spoon is inside carrot. carrot is inside spoon. saucepan is on top of stove burner. carrot is inside saucepan. spoon is inside saucepan. carrot is inside robot gripper. spoon is inside robot gripper.
05:17. Goal: Toggle on stove burner. Visual observation: stove burner, saucepan. nothing is inside robot gripper.
",7,False,5,False,0,0,False,RSN-DIAG,Mismatch on location/explanation indicates diagnosis error.,PER-MISSING,
sauteeCarrot2,sauteeCarrot,real_world/state_summary/sauteeCarrot2/reasoning.json,real_world/state_summary/sauteeCarrot2/llm_trace.json,"The robot failed to cook the carrot because, despite attempting to pick up a knife, its gripper remained empty at the 00:39 mark, indicating it could not grasp the tool needed for the task.",['00:39'],The carrot is put on top of the stove burner instead of on the saucepan.,['4:22'],"00:39. Action: Pick up knife. Visual observation: stove burner-1, stove burner-2. stove burner-1 is on top of stove burner-2. nothing is inside robot gripper.
02:17. Action: Slice carrot. Visual observation: stove burner-1, stove burner-2, saucepan. stove burner-1 is on top of stove burner-2. stove burner-1 is inside saucepan. saucepan is on top of stove burner-2. stove burner-2 is inside saucepan. nothing is inside robot gripper.
02:51. Action: Put knife on table. Visual observation: stove burner, saucepan. nothing is inside robot gripper.
03:39. Action: Pick up carrot slice. Visual observation: stove burner-1, stove burner-2. stove burner-2 is on top of stove burner-1. stove burner-1 is on top of stove burner-2. nothing is inside robot gripper.
04:22. Action: Put carrot slice in saucepan. Visual observation: carrot (sliced), stove burner, saucepan. carrot is on top of stove burner. carrot is inside saucepan. carrot is inside robot gripper.
04:59. Action: Toggle on stove burner. Visual observation: stove burner-1, carrot (sliced), stove burner-2, saucepan. stove burner-1 is on the right of carrot. stove burner-1 is on the right of stove burner-2. carrot is on top of stove burner-2. stove burner-1 is inside saucepan. carrot is inside saucepan. stove burner-2 is inside saucepan. nothing is inside robot gripper. Auditory observation: gas stove burner turns on.
05:03. Action: Toggle on stove burner. Visual observation: carrot (sliced), stove burner, saucepan. carrot is on top of stove burner. carrot is inside saucepan. saucepan is on top of stove burner. nothing is inside robot gripper.
","00:39. Goal: Pick up knife. Visual observation: stove burner-1, stove burner-2. stove burner-1 is on top of stove burner-2. nothing is inside robot gripper.
02:17. Goal: Slice carrot. Visual observation: stove burner-1, stove burner-2, saucepan. stove burner-1 is on top of stove burner-2. stove burner-1 is inside saucepan. saucepan is on top of stove burner-2. stove burner-2 is inside saucepan. nothing is inside robot gripper.
02:51. Goal: Put knife on table. Visual observation: stove burner, saucepan. nothing is inside robot gripper.
03:39. Goal: Pick up carrot slice. Visual observation: stove burner-1, stove burner-2. stove burner-2 is on top of stove burner-1. stove burner-1 is on top of stove burner-2. nothing is inside robot gripper.
04:22. Goal: Put carrot slice in saucepan. Visual observation: carrot (sliced), stove burner, saucepan. carrot is on top of stove burner. carrot is inside saucepan. carrot is inside robot gripper.
05:03. Goal: Toggle on stove burner. Visual observation: carrot (sliced), stove burner, saucepan. carrot is on top of stove burner. carrot is inside saucepan. saucepan is on top of stove burner. nothing is inside robot gripper.
",7,False,5,False,0,0,False,RSN-DIAG,Mismatch on location/explanation indicates diagnosis error.,PER-MISSING,
sauteeCarrot3,sauteeCarrot,real_world/state_summary/sauteeCarrot3/reasoning.json,real_world/state_summary/sauteeCarrot3/llm_trace.json,"At 00:41, the robot failed to slice the carrot because it picked up a knife while the carrot was still resting on the stove burner, leaving the vegetable unsliced and the gripper empty. The failure was caused by a lack of proper object manipulation, as the robot did not first move the carrot to a safe location before attempting to cut it.",['00:41'],The robot accidentally dropped the knife when trying to slice the carrot.,['00:55'],"00:41. Action: Pick up knife. Visual observation: carrot (not sliced), stove burner, saucepan. carrot is on top of stove burner. saucepan is on top of stove burner. nothing is inside robot gripper.
00:55. Action: Slice carrot. Visual observation: stove burner-1, stove burner-2, stove burner-3, stove burner-4, table, saucepan. stove burner-1 is on the right of stove burner-2. stove burner-1 is on the right of stove burner-3. stove burner-3 is on top of stove burner-2. stove burner-1 is on the right of stove burner-4. stove burner-1 is on top of table. stove burner-2 is on top of table. stove burner-3 is on top of table. stove burner-4 is on top of table. saucepan is on the left of stove burner-1. stove burner-1 is inside saucepan. stove burner-2 is inside saucepan. stove burner-3 is inside saucepan. stove burner-4 is inside saucepan. saucepan is on top of table. nothing is inside robot gripper. Auditory observation: something drops on the ground.
01:18. Action: Slice carrot. Visual observation: stove burner-1, stove burner-2, table, saucepan. stove burner-1 is on top of stove burner-2. stove burner-1 is on top of table. stove burner-2 is on top of table. stove burner-1 is inside saucepan. saucepan is on top of stove burner-2. stove burner-2 is inside saucepan. saucepan is on top of table. nothing is inside robot gripper.
01:44. Action: Put knife on table. Visual observation: stove burner-1, stove burner-2, stove burner-3, table, saucepan. stove burner-1 is on top of stove burner-3. stove burner-2 is on top of stove burner-3. stove burner-1 is on top of table. stove burner-2 is on top of table. stove burner-3 is on top of table. stove burner-1 is inside saucepan. stove burner-2 is inside saucepan. saucepan is on top of table. nothing is inside robot gripper.
02:38. Action: Pick up carrot slice. Visual observation: nothing is inside robot gripper.
03:12. Action: Put carrot slice in saucepan. Visual observation: stove burner, spoon, carrot (sliced), table, saucepan. spoon is on top of stove burner. carrot is on top of stove burner. carrot is inside spoon. spoon is inside carrot. spoon is on top of table. carrot is on top of table. spoon is inside saucepan. carrot is inside saucepan. saucepan is on top of table. spoon is inside robot gripper.
04:01. Action: Toggle on stove burner. Visual observation: stove burner-1, stove burner-2, carrot (sliced), table, saucepan. stove burner-1 is on top of stove burner-2. carrot is on top of stove burner-1. stove burner-1 is inside carrot. carrot is on top of stove burner-2. stove burner-1 is on top of table. stove burner-2 is on top of table. carrot is on top of table. stove burner-1 is inside saucepan. saucepan is on top of stove burner-2. stove burner-2 is inside saucepan. carrot is inside saucepan. saucepan is on top of table. carrot is inside robot gripper.
","00:41. Goal: Pick up knife. Visual observation: carrot (not sliced), stove burner, saucepan. carrot is on top of stove burner. saucepan is on top of stove burner. nothing is inside robot gripper.
01:18. Goal: Slice carrot. Visual observation: stove burner-1, stove burner-2, table, saucepan. stove burner-1 is on top of stove burner-2. stove burner-1 is on top of table. stove burner-2 is on top of table. stove burner-1 is inside saucepan. saucepan is on top of stove burner-2. stove burner-2 is inside saucepan. saucepan is on top of table. nothing is inside robot gripper.
01:44. Goal: Put knife on table. Visual observation: stove burner-1, stove burner-2, stove burner-3, table, saucepan. stove burner-1 is on top of stove burner-3. stove burner-2 is on top of stove burner-3. stove burner-1 is on top of table. stove burner-2 is on top of table. stove burner-3 is on top of table. stove burner-1 is inside saucepan. stove burner-2 is inside saucepan. saucepan is on top of table. nothing is inside robot gripper.
02:38. Goal: Pick up carrot slice. Visual observation: nothing is inside robot gripper.
03:12. Goal: Put carrot slice in saucepan. Visual observation: stove burner, spoon, carrot (sliced), table, saucepan. spoon is on top of stove burner. carrot is on top of stove burner. carrot is inside spoon. spoon is inside carrot. spoon is on top of table. carrot is on top of table. spoon is inside saucepan. carrot is inside saucepan. saucepan is on top of table. spoon is inside robot gripper.
04:01. Goal: Toggle on stove burner. Visual observation: stove burner-1, stove burner-2, carrot (sliced), table, saucepan. stove burner-1 is on top of stove burner-2. carrot is on top of stove burner-1. stove burner-1 is inside carrot. carrot is on top of stove burner-2. stove burner-1 is on top of table. stove burner-2 is on top of table. carrot is on top of table. stove burner-1 is inside saucepan. saucepan is on top of stove burner-2. stove burner-2 is inside saucepan. carrot is inside saucepan. saucepan is on top of table. carrot is inside robot gripper.
",7,False,5,False,0,0,False,RSN-DIAG,Mismatch on location/explanation indicates diagnosis error.,PER-MISSING,
sauteeCarrot4,sauteeCarrot,real_world/state_summary/sauteeCarrot4/reasoning.json,real_world/state_summary/sauteeCarrot4/llm_trace.json,"The robot failed to cook the carrot because, despite attempting to pick up a knife, its gripper remained empty at 00:32, indicating it could not grasp the tool needed for the task.",['00:32'],"The robot never toggled on the stove burner, as a result, the carrot cannot be cooked.",['03:40'],"00:32. Action: Pick up knife. Visual observation: stove burner-1, stove burner-2. stove burner-2 is on top of stove burner-1. nothing is inside robot gripper.
01:52. Action: Slice carrot. Visual observation: saucepan. nothing is inside robot gripper.
02:26. Action: Put knife on table. Visual observation: stove burner, saucepan. nothing is inside robot gripper.
03:05. Action: Pick up carrot slice. Visual observation: stove burner. nothing is inside robot gripper.
03:40. Action: Put carrot slice in saucepan. Visual observation: stove burner, saucepan. saucepan is on top of stove burner. nothing is inside robot gripper.
","00:32. Goal: Pick up knife. Visual observation: stove burner-1, stove burner-2. stove burner-2 is on top of stove burner-1. nothing is inside robot gripper.
01:52. Goal: Slice carrot. Visual observation: saucepan. nothing is inside robot gripper.
02:26. Goal: Put knife on table. Visual observation: stove burner, saucepan. nothing is inside robot gripper.
03:05. Goal: Pick up carrot slice. Visual observation: stove burner. nothing is inside robot gripper.
03:40. Goal: Put carrot slice in saucepan. Visual observation: stove burner, saucepan. saucepan is on top of stove burner. nothing is inside robot gripper.
",7,False,5,False,0,0,False,RSN-DIAG,Mismatch on location/explanation indicates diagnosis error.,PER-MISSING,
secureObjects1,secureObjects,real_world/state_summary/secureObjects1/reasoning.json,real_world/state_summary/secureObjects1/llm_trace.json,"At 00:43, the robot failed to secure the pear because its gripper was empty despite the visual confirmation of the object's presence. This indicates a failure in the grasping or pickup action, preventing the robot from holding the item as intended.",['00:43'],The knife should be placed inside the drawer and pear in fridge. The current placements are flipped.,"['2:15', '05:00']","00:43. Action: Pick up knife. Visual observation: pear. nothing is inside robot gripper.
02:15. Action: Put knife in fridge. Visual observation: fridge (with door open). nothing is inside robot gripper.
02:56. Action: Close fridge. Visual observation: drawer (open), fridge (with door open). nothing is inside robot gripper.
03:24. Action: Pick up pear. Visual observation: nothing is inside robot gripper.
03:48. Action: Put pear near drawer. Visual observation: drawer (open), fridge (with door open). nothing is inside robot gripper.
04:15. Action: Open drawer. Visual observation: fridge (with door open). nothing is inside robot gripper.
04:39. Action: Pick up pear. Visual observation: nothing is inside robot gripper.
05:00. Action: Put pear in drawer. Visual observation: pear, fridge (with door open). pear is inside fridge. pear is inside robot gripper.
05:19. Action: Close drawer. Visual observation: drawer (open), fridge (with door open). nothing is inside robot gripper.
","00:43. Goal: Pick up knife. Visual observation: pear. nothing is inside robot gripper.
02:15. Goal: Put knife in fridge. Visual observation: fridge (with door open). nothing is inside robot gripper.
02:56. Goal: Close fridge. Visual observation: drawer (open), fridge (with door open). nothing is inside robot gripper.
03:24. Goal: Pick up pear. Visual observation: nothing is inside robot gripper.
03:48. Goal: Put pear near drawer. Visual observation: drawer (open), fridge (with door open). nothing is inside robot gripper.
04:15. Goal: Open drawer. Visual observation: fridge (with door open). nothing is inside robot gripper.
04:39. Goal: Pick up pear. Visual observation: nothing is inside robot gripper.
05:00. Goal: Put pear in drawer. Visual observation: pear, fridge (with door open). pear is inside fridge. pear is inside robot gripper.
05:19. Goal: Close drawer. Visual observation: drawer (open), fridge (with door open). nothing is inside robot gripper.
",7,False,6,False,0,0,False,RSN-DIAG,Mismatch on location/explanation indicates diagnosis error.,RSN-DIAG,
