episode,task,r_gt_error_type,r_error_type,Loc,Exp,r_gt_failure_reason,r_pred_failure_reason,r_gt_failure_step,r_pred_failure_step,rp_task_plan,rp_llm_plan,gt_plan,taxonomy_code,notes
boilWater-2,boilWater,planning,execution,True,False,The robot cannot pick up the pot due to a bread occluding the pot.,"At 00:08, the robot attempted to pick up the pot, but the observation still shows the pot on the countertop and nothing in the gripper, so the grasp failed. The failure was likely caused by an unsuccessful or misaligned grasp on the pot.",00:08,['00:08'],"['(navigate_to_obj, Pot)', '(pick_up, Pot)', '(navigate_to_obj, Sink)', '(put_in, Pot, Sink)', '(toggle_on, Faucet)', '(toggle_off, Faucet)', '(pick_up, Pot)', '(navigate_to_obj, StoveBurner-4)', '(put_on, Pot, StoveBurner-4)', '(toggle_on, StoveBurner-4)']","[{'action': 'pick_up', 'obj1': 'Pot', 'obj2': None}, {'action': 'put_in', 'obj1': 'Pot', 'obj2': 'Sink'}, {'action': 'toggle_on', 'obj1': 'Faucet', 'obj2': None}, {'action': 'toggle_off', 'obj1': 'Faucet', 'obj2': None}, {'action': 'pour', 'obj1': 'Pot', 'obj2': 'Sink'}, {'action': 'pick_up', 'obj1': 'Pot', 'obj2': None}, {'action': 'put_on', 'obj1': 'Pot', 'obj2': 'StoveBurner-4'}]","['(navigate_to_obj, Pot)', '(pick_up, Pot)', '(navigate_to_obj, Sink)', '(put_in, Pot, Sink)', '(toggle_on, Faucet)', '(toggle_off, Faucet)', '(pick_up, Pot)', '(navigate_to_obj, StoveBurner-4)', '(put_on, Pot, StoveBurner-4)', '(toggle_on, StoveBurner-4)']",CTX-HIDDEN,
boilWater-5,boilWater,planning,execution,True,True,"The robot mis-identified pan as pot, and picked up the pan instead of the pot.","At 00:24, the robot attempted to pick up the pot, but the observation shows a pan ended up in the gripper instead. This failure was likely caused by misidentifying or confusing the pot with a nearby pan after repeatedly moving around the pot area between 00:17 and 00:21.",00:24,"['00:24', '00:17', '00:21']","['(navigate_to_obj, Pot)', '(pick_up, Pot)', '(navigate_to_obj, Sink)', '(put_in, Pot, Sink)', '(toggle_on, Faucet)', '(toggle_off, Faucet)', '(pick_up, Pot)', '(navigate_to_obj, StoveBurner-4)', '(put_on, Pot, StoveBurner-4)', '(toggle_on, StoveBurner-4)']","[{'action': 'pick_up', 'obj1': 'Pot', 'obj2': None}, {'action': 'put_in', 'obj1': 'Pot', 'obj2': 'Sink'}, {'action': 'toggle_on', 'obj1': 'Faucet', 'obj2': None}, {'action': 'toggle_off', 'obj1': 'Faucet', 'obj2': None}, {'action': 'pick_up', 'obj1': 'Pot', 'obj2': None}, {'action': 'put_on', 'obj1': 'Pot', 'obj2': 'StoveBurner-4'}]","['(navigate_to_obj, Pot)', '(pick_up, Pot)', '(navigate_to_obj, Sink)', '(put_in, Pot, Sink)', '(toggle_on, Faucet)', '(toggle_off, Faucet)', '(pick_up, Pot)', '(navigate_to_obj, StoveBurner-4)', '(put_on, Pot, StoveBurner-4)', '(toggle_on, StoveBurner-4)']",RSN-PLAN,
boilWater-6,boilWater,execution,planning,True,True,"The robot never executed the actions to toggle on and off the faucet, as a result, the pot was never filled with water.","The plan never included filling the pot with water. Although the pot ended up on a burner that was turned on, the pot was still empty, so the goal condition for boiling water was not satisfied.","['00:25', '00:26', '00:27', '00:28']",['00:28'],"['(navigate_to_obj, Pot)', '(pick_up, Pot)', '(navigate_to_obj, Sink)', '(put_in, Pot, Sink)', '(pick_up, Pot)', '(navigate_to_obj, StoveBurner-4)', '(put_on, Pot, StoveBurner-4)', '(toggle_on, StoveBurner-4)']","[{'action': 'pick_up', 'obj1': 'Pot', 'obj2': None}, {'action': 'put_in', 'obj1': 'Pot', 'obj2': 'Sink'}, {'action': 'pour', 'obj1': 'Pot', 'obj2': 'Sink'}, {'action': 'pick_up', 'obj1': 'Pot', 'obj2': None}, {'action': 'put_on', 'obj1': 'Pot', 'obj2': 'StoveBurner-4'}]","['(navigate_to_obj, Pot)', '(pick_up, Pot)', '(navigate_to_obj, Sink)', '(put_in, Pot, Sink)', '(pick_up, Pot)', '(navigate_to_obj, StoveBurner-4)', '(put_on, Pot, StoveBurner-4)', '(toggle_on, StoveBurner-4)']",RSN-PLAN,
boilWater-8,boilWater,execution,execution,False,False,The robot should use a pot instead of a bowl to boil water. The bowl cannot be put on the stove burner.,"At 00:54, the robot attempted to put the bowl on the fourth stove burner, but the bowl was still in the gripper afterward, so the placement failed. The likely cause is that the robot misaligned with the burner or did not execute the release properly after moving to the stove at 00:48–00:51.",00:20,"['00:54', '00:48–00:51']","['(navigate_to_obj, Bowl)', '(pick_up, Bowl)', '(navigate_to_obj, Sink)', '(put_in, Bowl, Sink)', '(toggle_on, Faucet)', '(toggle_off, Faucet)', '(pick_up, Bowl)', '(navigate_to_obj, StoveBurner-4)', '(put_on, Bowl, StoveBurner-4)', '(toggle_on, StoveBurner-4)']","[{'action': 'put_on', 'obj1': 'Bowl', 'obj2': 'StoveBurner-4'}]","['(navigate_to_obj, Bowl)', '(pick_up, Bowl)', '(navigate_to_obj, Sink)', '(put_in, Bowl, Sink)', '(toggle_on, Faucet)', '(toggle_off, Faucet)', '(pick_up, Bowl)', '(navigate_to_obj, StoveBurner-4)', '(put_on, Bowl, StoveBurner-4)', '(toggle_on, StoveBurner-4)']",CTX-AFFORD,
cookEgg-1,cookEgg,execution,execution,False,True,Dropped Egg,"At 00:42, the robot attempted to put the egg on the countertop, but it had already lost the egg earlier—likely when the egg cracked at 00:33 and the gripper became empty by 00:35. The failure was caused by mishandling the egg near the stove, so there was no egg left to place or cook.",00:35,"['00:42', '00:33', '00:35']","['(navigate_to_obj, Fridge)', '(open_obj, Fridge)', '(pick_up, Egg)', '(close_obj, Fridge)', '(navigate_to_obj, StoveBurner-1)', '(toggle_on, StoveBurner-1)', '(navigate_to_obj, Pan)', '(put_on, Egg, CounterTop)', '(pick_up, Pan)', '(navigate_to_obj, StoveBurner-1)', '(put_on, Pan, StoveBurner-1)', '(navigate_to_obj, Egg)', '(pick_up, Egg)', '(navigate_to_obj, Pan)', '(crack_obj, Egg)', '(put_in, EggCracked, Pan)']","[{'action': 'open_obj', 'obj1': 'Fridge', 'obj2': None}, {'action': 'pick_up', 'obj1': 'Egg', 'obj2': None}, {'action': 'close_obj', 'obj1': 'Fridge', 'obj2': None}, {'action': 'crack_obj', 'obj1': 'Egg', 'obj2': None}, {'action': 'put_in', 'obj1': 'Egg', 'obj2': 'Pan'}]","['(navigate_to_obj, Fridge)', '(open_obj, Fridge)', '(pick_up, Egg)', '(close_obj, Fridge)', '(navigate_to_obj, StoveBurner-1)', '(toggle_on, StoveBurner-1)', '(navigate_to_obj, Pan)', '(put_on, Egg, CounterTop)', '(pick_up, Pan)', '(navigate_to_obj, StoveBurner-1)', '(put_on, Pan, StoveBurner-1)', '(navigate_to_obj, Egg)', '(pick_up, Egg)', '(navigate_to_obj, Pan)', '(crack_obj, Egg)', '(put_in, EggCracked, Pan)']",CTX-AFFORD,
cookEgg-2,cookEgg,planning,execution,False,True,The robot failed to put the pan on the first stove burner because there was already a pot on it.,"At 00:58, the robot failed to place the pan on the first stove burner because that burner was already occupied by a pot, as seen from 00:35 and again at 00:52–00:58. The task had already gone off track earlier when the robot put the egg down on the countertop at 00:44 instead of cracking it into cookware, so it was trying to use the wrong burner setup with the egg not being cooked.",00:58,"['00:35', '00:44', '00:52–00:58', '00:58']","['(navigate_to_obj, Fridge)', '(open_obj, Fridge)', '(pick_up, Egg)', '(close_obj, Fridge)', '(navigate_to_obj, StoveBurner-1)', '(toggle_on, StoveBurner-1)', '(navigate_to_obj, Pan)', '(put_on, Egg, CounterTop)', '(pick_up, Pan)', '(navigate_to_obj, StoveBurner-1)', '(put_on, Pan, StoveBurner-1)', '(navigate_to_obj, Egg)', '(pick_up, Egg)', '(navigate_to_obj, Pan)', '(crack_obj, Egg)', '(put_in, EggCracked, Pan)']","[{'action': 'put_on', 'obj1': 'Pan', 'obj2': 'StoveBurner-3'}, {'action': 'toggle_on', 'obj1': 'StoveBurner-3', 'obj2': None}, {'action': 'pick_up', 'obj1': 'Egg', 'obj2': None}, {'action': 'crack_obj', 'obj1': 'Egg', 'obj2': None}, {'action': 'put_in', 'obj1': 'Egg', 'obj2': 'Pan'}]","['(navigate_to_obj, Fridge)', '(open_obj, Fridge)', '(pick_up, Egg)', '(close_obj, Fridge)', '(navigate_to_obj, StoveBurner-1)', '(toggle_on, StoveBurner-1)', '(navigate_to_obj, Pan)', '(put_on, Egg, CounterTop)', '(pick_up, Pan)', '(navigate_to_obj, StoveBurner-1)', '(put_on, Pan, StoveBurner-1)', '(navigate_to_obj, Egg)', '(pick_up, Egg)', '(navigate_to_obj, Pan)', '(crack_obj, Egg)', '(put_in, EggCracked, Pan)']",CTX-AFFORD,
cookEgg-8,cookEgg,execution,execution,False,False,"The pan is dirty at the beginning of the task execution, and the robot never cleaned the pan.","At 01:22, the robot cracked the egg while still holding it, and the observation shows the cracked egg remained in the gripper instead of being released into the pan. The failure was caused by poor positioning/alignment with the pan—despite moving toward it at 01:16–01:21, the pan is observed above the egg, suggesting the egg was cracked outside or below the pan, likely onto a hard surface.","['00:47', '00:48', '00:49', '00:50', '00:51', '00:52', '00:53', '00:54', '00:55', '00:56', '00:57', '00:58', '00:59', '01:00']","['01:22', '01:16–01:21']","['(navigate_to_obj, Fridge)', '(open_obj, Fridge)', '(pick_up, Egg)', '(close_obj, Fridge)', '(navigate_to_obj, StoveBurner-1)', '(toggle_on, StoveBurner-1)', '(navigate_to_obj, Pan)', '(put_on, Egg, CounterTop)', '(pick_up, Pan)', '(navigate_to_obj, StoveBurner-1)', '(put_on, Pan, StoveBurner-1)', '(navigate_to_obj, Egg)', '(pick_up, Egg)', '(navigate_to_obj, Pan)', '(crack_obj, Egg)', '(put_in, EggCracked, Pan)']","[{'action': 'pick_up', 'obj1': 'EggCracked', 'obj2': None}, {'action': 'put_in', 'obj1': 'EggCracked', 'obj2': 'Pan'}]","['(navigate_to_obj, Fridge)', '(open_obj, Fridge)', '(pick_up, Egg)', '(close_obj, Fridge)', '(navigate_to_obj, StoveBurner-1)', '(toggle_on, StoveBurner-1)', '(navigate_to_obj, Pan)', '(put_on, Egg, CounterTop)', '(pick_up, Pan)', '(navigate_to_obj, StoveBurner-1)', '(put_on, Pan, StoveBurner-1)', '(navigate_to_obj, Egg)', '(pick_up, Egg)', '(navigate_to_obj, Pan)', '(crack_obj, Egg)', '(put_in, EggCracked, Pan)']",CTX-AFFORD,
heatPotato-1,heatPotato,execution,execution,True,True,Dropped Plate,"The failure at 01:10 happened because the robot had already dropped the plate and potato while moving to the microwave around 00:44, as indicated by the “object drops or cracks on hard surface” audio and the later observations showing both items on the floor/away from the gripper at 00:46–00:56. So at 01:10, it tried to put the plate on the countertop with an empty gripper, meaning it had lost the potato and plate earlier and could no longer heat the potato.",00:44,"['00:44', '00:46–00:56', '01:10']","['(navigate_to_obj, Potato)', '(pick_up, Potato)', '(put_on, Potato, Plate)', '(pick_up, Plate)', '(navigate_to_obj, Microwave)', '(put_on, Plate, CounterTop)', '(open_obj, Microwave)', '(pick_up, Plate)', '(put_in, Plate, Microwave)', '(close_obj, Microwave)', '(toggle_on, Microwave)']","[{'action': 'toggle_off', 'obj1': 'Microwave', 'obj2': None}, {'action': 'pick_up', 'obj1': 'Potato', 'obj2': None}, {'action': 'put_in', 'obj1': 'Potato', 'obj2': 'Plate'}, {'action': 'pick_up', 'obj1': 'Plate', 'obj2': None}, {'action': 'open_obj', 'obj1': 'Microwave', 'obj2': None}, {'action': 'put_in', 'obj1': 'Plate', 'obj2': 'Microwave'}, {'action': 'close_obj', 'obj1': 'Microwave', 'obj2': None}, {'action': 'toggle_on', 'obj1': 'Microwave', 'obj2': None}]","['(navigate_to_obj, Potato)', '(pick_up, Potato)', '(put_on, Potato, Plate)', '(pick_up, Plate)', '(navigate_to_obj, Microwave)', '(put_on, Plate, CounterTop)', '(open_obj, Microwave)', '(pick_up, Plate)', '(put_in, Plate, Microwave)', '(close_obj, Microwave)', '(toggle_on, Microwave)']",RSN-PLAN,
heatPotato-2,heatPotato,planning,execution,False,True,"A bowl is already inside the microwave, as a result, the plate cannot be put inside the microwave due to limited space.","At 01:55, the robot failed to place the plate with the potato into the microwave because the microwave was already occupied by a bowl that was visible after opening it at 01:31. The failure was caused by not clearing the bowl first, so even after returning with the plate at 01:52, the plate remained in the gripper instead of being inserted.",01:55,"['01:31', '01:52', '01:55']","['(navigate_to_obj, Potato)', '(pick_up, Potato)', '(put_on, Potato, Plate)', '(pick_up, Plate)', '(navigate_to_obj, Microwave)', '(put_on, Plate, CounterTop)', '(open_obj, Microwave)', '(pick_up, Plate)', '(put_in, Plate, Microwave)', '(close_obj, Microwave)', '(toggle_on, Microwave)']","[{'action': 'toggle_off', 'obj1': 'Microwave', 'obj2': None}, {'action': 'open_obj', 'obj1': 'Microwave', 'obj2': None}, {'action': 'pick_up', 'obj1': 'Bowl', 'obj2': None}, {'action': 'put_on', 'obj1': 'Bowl', 'obj2': 'CounterTop'}, {'action': 'pick_up', 'obj1': 'Plate', 'obj2': None}, {'action': 'put_in', 'obj1': 'Plate', 'obj2': 'Microwave'}, {'action': 'close_obj', 'obj1': 'Microwave', 'obj2': None}, {'action': 'toggle_on', 'obj1': 'Microwave', 'obj2': None}]","['(navigate_to_obj, Potato)', '(pick_up, Potato)', '(put_on, Potato, Plate)', '(pick_up, Plate)', '(navigate_to_obj, Microwave)', '(put_on, Plate, CounterTop)', '(open_obj, Microwave)', '(pick_up, Plate)', '(put_in, Plate, Microwave)', '(close_obj, Microwave)', '(toggle_on, Microwave)']",RSN-PLAN,
heatPotato-4,heatPotato,execution,execution,False,True,The robot failed to open the microwave.,"At 01:07, the robot failed to open the microwave—the observation still shows it as “closed and turned off” after the open action. The likely cause is that earlier, by 00:39, the robot had left the potato on the plate on the dining table and moved to the microwave empty-handed, so it was not properly progressing toward heating the potato.",01:07,"['00:39', '01:07']","['(navigate_to_obj, Potato)', '(pick_up, Potato)', '(put_on, Potato, Plate)', '(navigate_to_obj, Microwave)', '(open_obj, Microwave)', '(navigate_to_obj, Plate)', '(pick_up, Plate)', '(navigate_to_obj, Microwave)', '(put_in, Plate, Microwave)', '(close_obj, Microwave)', '(toggle_on, Microwave)']","[{'action': 'open_obj', 'obj1': 'Microwave', 'obj2': None}, {'action': 'put_in', 'obj1': 'Plate', 'obj2': 'Microwave'}]","['(navigate_to_obj, Potato)', '(pick_up, Potato)', '(put_on, Potato, Plate)', '(navigate_to_obj, Microwave)', '(open_obj, Microwave)', '(navigate_to_obj, Plate)', '(pick_up, Plate)', '(navigate_to_obj, Microwave)', '(put_in, Plate, Microwave)', '(close_obj, Microwave)', '(toggle_on, Microwave)']",CTX-AFFORD,
heatPotato-7,heatPotato,execution,planning,True,False,"The plate is dirty at the beginning of the task execution, and the robot never cleaned it.","The plan failed because it put the potato on the plate before moving the plate into the microwave, but then placed the plate on the countertop and never ensured the potato was still on the plate afterward. At the end, both the plate and potato were in the microwave, but the potato was not confirmed to be on the plate, so the goal condition was not satisfied.","['00:19', '00:20', '00:21', '00:22', '00:23', '00:24', '00:25', '00:26', '00:27', '00:28', '00:29', '00:30', '00:31', '00:32', '00:33', '00:34', '00:35', '00:36', '00:37', '00:38', '00:39']",['00:39'],"['(navigate_to_obj, Potato)', '(pick_up, Potato)', '(put_on, Potato, Plate)', '(pick_up, Plate)', '(navigate_to_obj, Microwave)', '(put_on, Plate, CounterTop)', '(open_obj, Microwave)', '(pick_up, Plate)', '(put_in, Plate, Microwave)', '(close_obj, Microwave)', '(toggle_on, Microwave)']","[{'action': 'toggle_off', 'obj1': 'Microwave', 'obj2': None}, {'action': 'open_obj', 'obj1': 'Microwave', 'obj2': None}, {'action': 'pick_up', 'obj1': 'Plate', 'obj2': None}, {'action': 'put_on', 'obj1': 'Plate', 'obj2': 'CounterTop'}, {'action': 'pick_up', 'obj1': 'Potato', 'obj2': None}, {'action': 'put_on', 'obj1': 'Potato', 'obj2': 'Plate'}, {'action': 'pick_up', 'obj1': 'Plate', 'obj2': None}, {'action': 'put_in', 'obj1': 'Plate', 'obj2': 'Microwave'}, {'action': 'close_obj', 'obj1': 'Microwave', 'obj2': None}, {'action': 'toggle_on', 'obj1': 'Microwave', 'obj2': None}]","['(navigate_to_obj, Potato)', '(pick_up, Potato)', '(put_on, Potato, Plate)', '(pick_up, Plate)', '(navigate_to_obj, Microwave)', '(put_on, Plate, CounterTop)', '(open_obj, Microwave)', '(pick_up, Plate)', '(put_in, Plate, Microwave)', '(close_obj, Microwave)', '(toggle_on, Microwave)']",CTX-AFFORD,
makeCoffee-1,makeCoffee,execution,execution,False,True,Dropped Mug,"At 00:22, the robot attempted to put the mug on the sink, but the mug was no longer in its gripper. The failure was likely caused earlier at 00:19, when the mug was dropped—supported by the gripper being empty and the auditory cue of an object dropping or cracking on a hard surface.",00:19,"['00:22', '00:19']","['(navigate_to_obj, Mug)', '(pick_up, Mug)', '(navigate_to_obj, Sink)', '(put_on, Mug, SinkBasin)', '(toggle_on, Faucet)', '(toggle_off, Faucet)', '(pick_up, Mug)', '(pour, Mug, Sink)', '(navigate_to_obj, CoffeeMachine)', '(put_in, Mug, CoffeeMachine)', '(toggle_on, CoffeeMachine)', '(toggle_off, CoffeeMachine)', '(pick_up, Mug)', '(put_on, Mug, CounterTop)']","[{'action': 'pick_up', 'obj1': 'Mug', 'obj2': None}, {'action': 'put_in', 'obj1': 'Mug', 'obj2': 'Sink'}, {'action': 'toggle_on', 'obj1': 'Faucet', 'obj2': None}, {'action': 'toggle_off', 'obj1': 'Faucet', 'obj2': None}, {'action': 'pour', 'obj1': 'Mug', 'obj2': 'Sink'}, {'action': 'pick_up', 'obj1': 'Mug', 'obj2': None}, {'action': 'put_in', 'obj1': 'Mug', 'obj2': 'CoffeeMachine'}, {'action': 'toggle_on', 'obj1': 'CoffeeMachine', 'obj2': None}, {'action': 'toggle_off', 'obj1': 'CoffeeMachine', 'obj2': None}, {'action': 'pick_up', 'obj1': 'Mug', 'obj2': None}, {'action': 'put_on', 'obj1': 'Mug', 'obj2': 'CounterTop'}]","['(navigate_to_obj, Mug)', '(pick_up, Mug)', '(navigate_to_obj, Sink)', '(put_on, Mug, SinkBasin)', '(toggle_on, Faucet)', '(toggle_off, Faucet)', '(pick_up, Mug)', '(pour, Mug, Sink)', '(navigate_to_obj, CoffeeMachine)', '(put_in, Mug, CoffeeMachine)', '(toggle_on, CoffeeMachine)', '(toggle_off, CoffeeMachine)', '(pick_up, Mug)', '(put_on, Mug, CounterTop)']",EXEC-SIM,
makeCoffee-2,makeCoffee,execution,execution,False,True,Dropped Mug,"The failure at 00:46 happened because the robot tried to put the mug into the coffee machine, but it no longer had the mug. The mug was likely dropped at 00:39, as indicated by the gripper becoming empty and the auditory cue “object drops or cracks on hard surface,” so the placement action failed.",00:38,"['00:46', '00:39']","['(navigate_to_obj, Mug)', '(pick_up, Mug)', '(navigate_to_obj, Sink)', '(put_on, Mug, SinkBasin)', '(toggle_on, Faucet)', '(toggle_off, Faucet)', '(pick_up, Mug)', '(pour, Mug, Sink)', '(navigate_to_obj, CoffeeMachine)', '(put_in, Mug, CoffeeMachine)', '(toggle_on, CoffeeMachine)', '(toggle_off, CoffeeMachine)', '(pick_up, Mug)', '(put_on, Mug, CounterTop)']","[{'action': 'pick_up', 'obj1': 'Mug', 'obj2': None}, {'action': 'put_in', 'obj1': 'Mug', 'obj2': 'CoffeeMachine'}, {'action': 'toggle_on', 'obj1': 'CoffeeMachine', 'obj2': None}, {'action': 'toggle_off', 'obj1': 'CoffeeMachine', 'obj2': None}, {'action': 'pick_up', 'obj1': 'Mug', 'obj2': None}, {'action': 'put_on', 'obj1': 'Mug', 'obj2': 'CounterTop'}]","['(navigate_to_obj, Mug)', '(pick_up, Mug)', '(navigate_to_obj, Sink)', '(put_on, Mug, SinkBasin)', '(toggle_on, Faucet)', '(toggle_off, Faucet)', '(pick_up, Mug)', '(pour, Mug, Sink)', '(navigate_to_obj, CoffeeMachine)', '(put_in, Mug, CoffeeMachine)', '(toggle_on, CoffeeMachine)', '(toggle_off, CoffeeMachine)', '(pick_up, Mug)', '(put_on, Mug, CounterTop)']",EXEC-SIM,
makeCoffee-4,makeCoffee,execution,planning,False,True,"The mug was already filled with water at the beginning of the task execution, and the robot never emptied it.","The plan never ensured the mug contained coffee; the final state shows it was filled with water, so putting it in the machine and toggling it on/off did not achieve the goal. In short, the robot treated a water-filled mug as finished coffee and placed it on the countertop without actually making coffee.","['00:17', '00:18', '00:19', '00:20', '00:21', '00:22', '00:23', '00:24', '00:25', '00:26', '00:27', '00:28', '00:29', '00:30']",['00:33'],"['(navigate_to_obj, Mug)', '(pick_up, Mug)', '(navigate_to_obj, CoffeeMachine)', '(put_in, Mug, CoffeeMachine)', '(toggle_on, CoffeeMachine)', '(toggle_off, CoffeeMachine)', '(pick_up, Mug)', '(put_on, Mug, CounterTop)']","[{'action': 'pick_up', 'obj1': 'Mug', 'obj2': None}, {'action': 'put_in', 'obj1': 'Mug', 'obj2': 'Sink'}, {'action': 'pour', 'obj1': 'Mug', 'obj2': 'Sink'}, {'action': 'pick_up', 'obj1': 'Mug', 'obj2': None}, {'action': 'put_in', 'obj1': 'Mug', 'obj2': 'CoffeeMachine'}, {'action': 'toggle_on', 'obj1': 'CoffeeMachine', 'obj2': None}, {'action': 'toggle_off', 'obj1': 'CoffeeMachine', 'obj2': None}, {'action': 'pick_up', 'obj1': 'Mug', 'obj2': None}, {'action': 'put_on', 'obj1': 'Mug', 'obj2': 'CounterTop'}]","['(navigate_to_obj, Mug)', '(pick_up, Mug)', '(navigate_to_obj, CoffeeMachine)', '(put_in, Mug, CoffeeMachine)', '(toggle_on, CoffeeMachine)', '(toggle_off, CoffeeMachine)', '(pick_up, Mug)', '(put_on, Mug, CounterTop)']",EXEC-SIM,
makeCoffee-6,makeCoffee,planning,execution,True,True,"The robot mis-identified bowl as mug, as a result, the bowl cannot be put inside the coffee machine.","At 00:23, the robot attempted to pick up the mug but instead grasped a bowl, as shown by the observation that the bowl was in the gripper. The failure was likely caused by misidentifying or mislocalizing the mug during the earlier moves at 00:01 and 00:20, leading it to the wrong object.",00:23,"['00:23', '00:01', '00:20']","['(navigate_to_obj, Mug)', '(pick_up, Mug)', '(navigate_to_obj, Sink)', '(put_on, Mug, SinkBasin)', '(toggle_on, Faucet)', '(toggle_off, Faucet)', '(pick_up, Mug)', '(pour, Mug, Sink)', '(navigate_to_obj, CoffeeMachine)', '(put_in, Mug, CoffeeMachine)', '(toggle_on, CoffeeMachine)', '(toggle_off, CoffeeMachine)', '(pick_up, Mug)', '(put_on, Mug, CounterTop)']","[{'action': 'pick_up', 'obj1': 'Mug', 'obj2': None}, {'action': 'put_in', 'obj1': 'Mug', 'obj2': 'CoffeeMachine'}, {'action': 'toggle_on', 'obj1': 'CoffeeMachine', 'obj2': None}, {'action': 'toggle_off', 'obj1': 'CoffeeMachine', 'obj2': None}, {'action': 'pick_up', 'obj1': 'Mug', 'obj2': None}, {'action': 'put_on', 'obj1': 'Mug', 'obj2': 'CounterTop'}]","['(navigate_to_obj, Mug)', '(pick_up, Mug)', '(navigate_to_obj, Sink)', '(put_on, Mug, SinkBasin)', '(toggle_on, Faucet)', '(toggle_off, Faucet)', '(pick_up, Mug)', '(pour, Mug, Sink)', '(navigate_to_obj, CoffeeMachine)', '(put_in, Mug, CoffeeMachine)', '(toggle_on, CoffeeMachine)', '(toggle_off, CoffeeMachine)', '(pick_up, Mug)', '(put_on, Mug, CounterTop)']",RSN-PLAN,
makeCoffee-9,makeCoffee,execution,execution,False,True,"The robot plan should not use a bowl instead of a mug or cup to make coffee. As a result, the bowl cannot be put inside the coffee machine.","At 00:50, the robot failed to place the bowl into the coffee machine—the observation still shows the bowl inside the gripper after the “Put bowl in coffee machine” action. The likely cause is that the robot was using the wrong object for the coffee-making task, and the coffee machine was also still turned off at 00:47–00:50.",00:23,"['00:50', '00:47–00:50']","['(pick_up, Bowl)', '(navigate_to_obj, CoffeeMachine)', '(put_in, Bowl, CoffeeMachine)', '(toggle_on, CoffeeMachine)', '(toggle_off, CoffeeMachine)', '(pick_up, Bowl)', '(put_on, Bowl, CounterTop)']","[{'action': 'pick_up', 'obj1': 'Cup', 'obj2': None}, {'action': 'put_in', 'obj1': 'Cup', 'obj2': 'Sink'}, {'action': 'toggle_on', 'obj1': 'Faucet', 'obj2': None}, {'action': 'toggle_off', 'obj1': 'Faucet', 'obj2': None}, {'action': 'pour', 'obj1': 'Cup', 'obj2': 'Sink'}, {'action': 'pick_up', 'obj1': 'Cup', 'obj2': None}, {'action': 'put_in', 'obj1': 'Cup', 'obj2': 'CoffeeMachine'}, {'action': 'toggle_on', 'obj1': 'CoffeeMachine', 'obj2': None}, {'action': 'toggle_off', 'obj1': 'CoffeeMachine', 'obj2': None}, {'action': 'pick_up', 'obj1': 'Cup', 'obj2': None}, {'action': 'put_on', 'obj1': 'Cup', 'obj2': 'CounterTop'}]","['(pick_up, Bowl)', '(navigate_to_obj, CoffeeMachine)', '(put_in, Bowl, CoffeeMachine)', '(toggle_on, CoffeeMachine)', '(toggle_off, CoffeeMachine)', '(pick_up, Bowl)', '(put_on, Bowl, CounterTop)']",EXEC-SIM,
makeSalad-10,makeSalad,execution,execution,False,False,"Failed to successfully execute (pick_up, TomatoSliced)","At 02:38, the robot attempted to put the lettuce slice into the bowl, but the slice ended up still on the countertop “above bowl” instead of inside it, while the gripper became empty. The failure was caused by an inaccurate placement/drop near the bowl after picking up the lettuce slice at 02:35, so the salad ingredient was misplaced rather than deposited into the bowl.",['02:45'],"['02:38', '02:35']","['(navigate_to_obj, Lettuce)', '(pick_up, Lettuce)', '(navigate_to_obj, Bowl)', '(put_on, Lettuce, CounterTop)', '(navigate_to_obj, Tomato)', '(pick_up, Tomato)', '(navigate_to_obj, Bowl)', '(put_on, Tomato, CounterTop)', '(navigate_to_obj, Potato)', '(pick_up, Potato)', '(navigate_to_obj, Bowl)', '(put_on, Potato, CounterTop)', '(navigate_to_obj, Knife)', '(pick_up, Knife)', '(navigate_to_obj, Bowl)', '(slice_obj, Lettuce)', '(slice_obj, Potato)', '(slice_obj, Tomato)', '(put_on, Knife, CounterTop)', '(pick_up, LettuceSliced)', '(put_in, LettuceSliced, Bowl)', '(pick_up, PotatoSliced)', '(put_in, PotatoSliced, Bowl)', '(pick_up, TomatoSliced)', '(put_in, TomatoSliced, Bowl)', '(navigate_to_obj, Fridge)', '(open_obj, Fridge)', '(navigate_to_obj, Bowl)', '(pick_up, Bowl)', '(navigate_to_obj, Fridge)', '(put_in, Bowl, Fridge)', '(close_obj, Fridge)']","[{'action': 'open_obj', 'obj1': 'Fridge', 'obj2': None}, {'action': 'pick_up', 'obj1': 'TomatoSliced', 'obj2': None}, {'action': 'put_in', 'obj1': 'TomatoSliced', 'obj2': 'Bowl'}, {'action': 'pick_up', 'obj1': 'Bowl', 'obj2': None}, {'action': 'put_in', 'obj1': 'Bowl', 'obj2': 'Fridge'}, {'action': 'close_obj', 'obj1': 'Fridge', 'obj2': None}]","['(navigate_to_obj, Lettuce)', '(pick_up, Lettuce)', '(navigate_to_obj, Bowl)', '(put_on, Lettuce, CounterTop)', '(navigate_to_obj, Tomato)', '(pick_up, Tomato)', '(navigate_to_obj, Bowl)', '(put_on, Tomato, CounterTop)', '(navigate_to_obj, Potato)', '(pick_up, Potato)', '(navigate_to_obj, Bowl)', '(put_on, Potato, CounterTop)', '(navigate_to_obj, Knife)', '(pick_up, Knife)', '(navigate_to_obj, Bowl)', '(slice_obj, Lettuce)', '(slice_obj, Potato)', '(slice_obj, Tomato)', '(put_on, Knife, CounterTop)', '(pick_up, LettuceSliced)', '(put_in, LettuceSliced, Bowl)', '(pick_up, PotatoSliced)', '(put_in, PotatoSliced, Bowl)', '(pick_up, TomatoSliced)', '(put_in, TomatoSliced, Bowl)', '(navigate_to_obj, Fridge)', '(open_obj, Fridge)', '(navigate_to_obj, Bowl)', '(pick_up, Bowl)', '(navigate_to_obj, Fridge)', '(put_in, Bowl, Fridge)', '(close_obj, Fridge)']",CTX-AFFORD,
makeSalad-1,makeSalad,execution,execution,True,True,Wrong order - knife is put on countertop before slicing tomato,"At 02:05, the robot attempted to slice the potato even though it had just put the knife down at 02:04, so the gripper was empty and the slice action could not be executed. The failure was caused by performing a cutting action without holding the required tool.","['02:04', '02:05']","['02:05', '02:04']","['(navigate_to_obj, Lettuce)', '(pick_up, Lettuce)', '(navigate_to_obj, Bowl)', '(put_on, Lettuce, CounterTop)', '(navigate_to_obj, Tomato)', '(pick_up, Tomato)', '(navigate_to_obj, Bowl)', '(put_on, Tomato, CounterTop)', '(navigate_to_obj, Potato)', '(pick_up, Potato)', '(navigate_to_obj, Bowl)', '(put_on, Potato, CounterTop)', '(navigate_to_obj, Knife)', '(pick_up, Knife)', '(navigate_to_obj, Bowl)', '(slice_obj, Lettuce)', '(slice_obj, Tomato)', '(put_on, Knife, CounterTop)', '(slice_obj, Potato)', '(pick_up, LettuceSliced)', '(put_in, LettuceSliced, Bowl)', '(pick_up, TomatoSliced)', '(put_in, TomatoSliced, Bowl)', '(pick_up, PotatoSliced)', '(put_in, PotatoSliced, Bowl)', '(navigate_to_obj, Fridge)', '(open_obj, Fridge)', '(navigate_to_obj, Bowl)', '(pick_up, Bowl)', '(navigate_to_obj, Fridge)', '(put_in, Bowl, Fridge)', '(close_obj, Fridge)']","[{'action': 'open_obj', 'obj1': 'Fridge', 'obj2': None}, {'action': 'pick_up', 'obj1': 'Potato', 'obj2': None}, {'action': 'put_on', 'obj1': 'Potato', 'obj2': 'CounterTop'}, {'action': 'pick_up', 'obj1': 'Knife', 'obj2': None}, {'action': 'slice_obj', 'obj1': 'Potato', 'obj2': None}, {'action': 'put_on', 'obj1': 'Knife', 'obj2': 'CounterTop'}, {'action': 'pick_up', 'obj1': 'Potato', 'obj2': None}, {'action': 'put_in', 'obj1': 'Potato', 'obj2': 'Bowl'}, {'action': 'pick_up', 'obj1': 'Bowl', 'obj2': None}, {'action': 'put_in', 'obj1': 'Bowl', 'obj2': 'Fridge'}, {'action': 'close_obj', 'obj1': 'Fridge', 'obj2': None}]","['(navigate_to_obj, Lettuce)', '(pick_up, Lettuce)', '(navigate_to_obj, Bowl)', '(put_on, Lettuce, CounterTop)', '(navigate_to_obj, Tomato)', '(pick_up, Tomato)', '(navigate_to_obj, Bowl)', '(put_on, Tomato, CounterTop)', '(navigate_to_obj, Potato)', '(pick_up, Potato)', '(navigate_to_obj, Bowl)', '(put_on, Potato, CounterTop)', '(navigate_to_obj, Knife)', '(pick_up, Knife)', '(navigate_to_obj, Bowl)', '(slice_obj, Lettuce)', '(slice_obj, Tomato)', '(put_on, Knife, CounterTop)', '(slice_obj, Potato)', '(pick_up, LettuceSliced)', '(put_in, LettuceSliced, Bowl)', '(pick_up, TomatoSliced)', '(put_in, TomatoSliced, Bowl)', '(pick_up, PotatoSliced)', '(put_in, PotatoSliced, Bowl)', '(navigate_to_obj, Fridge)', '(open_obj, Fridge)', '(navigate_to_obj, Bowl)', '(pick_up, Bowl)', '(navigate_to_obj, Fridge)', '(put_in, Bowl, Fridge)', '(close_obj, Fridge)']",CTX-AFFORD,
makeSalad-5,makeSalad,execution,execution,False,False,Missing step - slice potato,"At 02:30, the robot attempted to put the lettuce slice into the bowl, but the slice ended up above/on the countertop near the bowl instead of inside it. The failure was likely caused by inaccurate placement/alignment around the crowded bowl area after slicing (seen from 02:17–02:27, with knife and other ingredients close by), so the drop missed the bowl.",['02:42'],"['02:17–02:27', '02:30']","['(navigate_to_obj, Lettuce)', '(pick_up, Lettuce)', '(navigate_to_obj, Bowl)', '(put_on, Lettuce, CounterTop)', '(navigate_to_obj, Tomato)', '(pick_up, Tomato)', '(navigate_to_obj, Bowl)', '(put_on, Tomato, CounterTop)', '(navigate_to_obj, Potato)', '(pick_up, Potato)', '(navigate_to_obj, Bowl)', '(put_on, Potato, CounterTop)', '(navigate_to_obj, Knife)', '(pick_up, Knife)', '(navigate_to_obj, Bowl)', '(slice_obj, Lettuce)', '(slice_obj, Tomato)', '(put_on, Knife, CounterTop)', '(pick_up, LettuceSliced)', '(put_in, LettuceSliced, Bowl)', '(pick_up, TomatoSliced)', '(put_in, TomatoSliced, Bowl)', '(pick_up, Potato)', '(put_in, Potato, Bowl)', '(navigate_to_obj, Fridge)', '(open_obj, Fridge)', '(navigate_to_obj, Bowl)', '(pick_up, Bowl)', '(navigate_to_obj, Fridge)', '(put_in, Bowl, Fridge)', '(close_obj, Fridge)']","[{'action': 'open_obj', 'obj1': 'Fridge', 'obj2': None}, {'action': 'pick_up', 'obj1': 'TomatoSliced', 'obj2': None}, {'action': 'put_in', 'obj1': 'TomatoSliced', 'obj2': 'Bowl'}, {'action': 'pick_up', 'obj1': 'Bowl', 'obj2': None}, {'action': 'put_in', 'obj1': 'Bowl', 'obj2': 'Fridge'}, {'action': 'close_obj', 'obj1': 'Fridge', 'obj2': None}]","['(navigate_to_obj, Lettuce)', '(pick_up, Lettuce)', '(navigate_to_obj, Bowl)', '(put_on, Lettuce, CounterTop)', '(navigate_to_obj, Tomato)', '(pick_up, Tomato)', '(navigate_to_obj, Bowl)', '(put_on, Tomato, CounterTop)', '(navigate_to_obj, Potato)', '(pick_up, Potato)', '(navigate_to_obj, Bowl)', '(put_on, Potato, CounterTop)', '(navigate_to_obj, Knife)', '(pick_up, Knife)', '(navigate_to_obj, Bowl)', '(slice_obj, Lettuce)', '(slice_obj, Tomato)', '(put_on, Knife, CounterTop)', '(pick_up, LettuceSliced)', '(put_in, LettuceSliced, Bowl)', '(pick_up, TomatoSliced)', '(put_in, TomatoSliced, Bowl)', '(pick_up, Potato)', '(put_in, Potato, Bowl)', '(navigate_to_obj, Fridge)', '(open_obj, Fridge)', '(navigate_to_obj, Bowl)', '(pick_up, Bowl)', '(navigate_to_obj, Fridge)', '(put_in, Bowl, Fridge)', '(close_obj, Fridge)']",PER-SPATIAL,
makeSalad-3,makeSalad,execution,execution,True,True,Wrong plan - apple instead of tomato,"At 02:20, the robot attempted to put the apple slice into the bowl, but the observation shows the apple slice ended up back on the first countertop while the gripper became empty, so the placement failed. The likely cause is a misplacement/drop during the transfer to the bowl, and there is also evidence of inconsistent state tracking earlier since slices that were previously reported in the bowl still appear on the countertop.","['00:46', '01:56', '02:20']",['02:20'],"['(navigate_to_obj, Lettuce)', '(pick_up, Lettuce)', '(navigate_to_obj, Bowl)', '(put_on, Lettuce, CounterTop)', '(navigate_to_obj, Apple)', '(pick_up, Apple)', '(navigate_to_obj, Bowl)', '(put_on, Apple, CounterTop)', '(navigate_to_obj, Potato)', '(pick_up, Potato)', '(navigate_to_obj, Bowl)', '(put_on, Potato, CounterTop)', '(navigate_to_obj, Knife)', '(pick_up, Knife)', '(navigate_to_obj, Bowl)', '(slice_obj, Lettuce)', '(slice_obj, Potato)', '(slice_obj, Apple)', '(put_on, Knife, CounterTop)', '(pick_up, LettuceSliced)', '(put_in, LettuceSliced, Bowl)', '(pick_up, PotatoSliced)', '(put_in, PotatoSliced, Bowl)', '(pick_up, AppleSliced)', '(put_in, AppleSliced, Bowl)', '(navigate_to_obj, Fridge)', '(open_obj, Fridge)', '(navigate_to_obj, Bowl)', '(pick_up, Bowl)', '(navigate_to_obj, Fridge)', '(put_in, Bowl, Fridge)', '(close_obj, Fridge)']","[{'action': 'open_obj', 'obj1': 'Fridge', 'obj2': None}, {'action': 'pick_up', 'obj1': 'Bowl', 'obj2': None}, {'action': 'put_on', 'obj1': 'Bowl', 'obj2': 'CounterTop-1'}, {'action': 'pick_up', 'obj1': 'Tomato', 'obj2': None}, {'action': 'slice_obj', 'obj1': 'Tomato', 'obj2': None}, {'action': 'pick_up', 'obj1': 'LettuceSliced', 'obj2': None}, {'action': 'put_in', 'obj1': 'LettuceSliced', 'obj2': 'Bowl'}, {'action': 'pick_up', 'obj1': 'PotatoSliced', 'obj2': None}, {'action': 'put_in', 'obj1': 'PotatoSliced', 'obj2': 'Bowl'}, {'action': 'pick_up', 'obj1': 'Tomato', 'obj2': None}, {'action': 'put_in', 'obj1': 'Tomato', 'obj2': 'Bowl'}, {'action': 'pick_up', 'obj1': 'Bowl', 'obj2': None}, {'action': 'put_in', 'obj1': 'Bowl', 'obj2': 'Fridge'}, {'action': 'close_obj', 'obj1': 'Fridge', 'obj2': None}]","['(navigate_to_obj, Lettuce)', '(pick_up, Lettuce)', '(navigate_to_obj, Bowl)', '(put_on, Lettuce, CounterTop)', '(navigate_to_obj, Apple)', '(pick_up, Apple)', '(navigate_to_obj, Bowl)', '(put_on, Apple, CounterTop)', '(navigate_to_obj, Potato)', '(pick_up, Potato)', '(navigate_to_obj, Bowl)', '(put_on, Potato, CounterTop)', '(navigate_to_obj, Knife)', '(pick_up, Knife)', '(navigate_to_obj, Bowl)', '(slice_obj, Lettuce)', '(slice_obj, Potato)', '(slice_obj, Apple)', '(put_on, Knife, CounterTop)', '(pick_up, LettuceSliced)', '(put_in, LettuceSliced, Bowl)', '(pick_up, PotatoSliced)', '(put_in, PotatoSliced, Bowl)', '(pick_up, AppleSliced)', '(put_in, AppleSliced, Bowl)', '(navigate_to_obj, Fridge)', '(open_obj, Fridge)', '(navigate_to_obj, Bowl)', '(pick_up, Bowl)', '(navigate_to_obj, Fridge)', '(put_in, Bowl, Fridge)', '(close_obj, Fridge)']",PER-SPATIAL,
makeSalad-7,makeSalad,execution,planning,False,True,"Missing (pick_up, LettuceSliced), (put_in, LettuceSliced, Bowl)","The plan never put the lettuce slice into the bowl, so the salad in the fridge was missing lettuce. Although the bowl, tomato, and potato ended up in the fridge, the lettuce slice was left on the countertop, so the goal condition was not satisfied.",['187'],['01:55'],"['(navigate_to_obj, Lettuce)', '(pick_up, Lettuce)', '(navigate_to_obj, Bowl)', '(put_on, Lettuce, CounterTop)', '(navigate_to_obj, Tomato)', '(pick_up, Tomato)', '(navigate_to_obj, Bowl)', '(put_on, Tomato, CounterTop)', '(navigate_to_obj, Potato)', '(pick_up, Potato)', '(navigate_to_obj, Bowl)', '(put_on, Potato, CounterTop)', '(navigate_to_obj, Knife)', '(pick_up, Knife)', '(navigate_to_obj, Bowl)', '(slice_obj, Lettuce)', '(slice_obj, Potato)', '(slice_obj, Tomato)', '(put_on, Knife, CounterTop)', '(pick_up, PotatoSliced)', '(put_in, PotatoSliced, Bowl)', '(pick_up, TomatoSliced)', '(put_in, TomatoSliced, Bowl)', '(navigate_to_obj, Fridge)', '(open_obj, Fridge)', '(navigate_to_obj, Bowl)', '(pick_up, Bowl)', '(navigate_to_obj, Fridge)', '(put_in, Bowl, Fridge)', '(close_obj, Fridge)']","[{'action': 'open_obj', 'obj1': 'Fridge', 'obj2': None}, {'action': 'pick_up', 'obj1': 'LettuceSliced', 'obj2': None}, {'action': 'put_in', 'obj1': 'LettuceSliced', 'obj2': 'Bowl'}, {'action': 'close_obj', 'obj1': 'Fridge', 'obj2': None}]","['(navigate_to_obj, Lettuce)', '(pick_up, Lettuce)', '(navigate_to_obj, Bowl)', '(put_on, Lettuce, CounterTop)', '(navigate_to_obj, Tomato)', '(pick_up, Tomato)', '(navigate_to_obj, Bowl)', '(put_on, Tomato, CounterTop)', '(navigate_to_obj, Potato)', '(pick_up, Potato)', '(navigate_to_obj, Bowl)', '(put_on, Potato, CounterTop)', '(navigate_to_obj, Knife)', '(pick_up, Knife)', '(navigate_to_obj, Bowl)', '(slice_obj, Lettuce)', '(slice_obj, Potato)', '(slice_obj, Tomato)', '(put_on, Knife, CounterTop)', '(pick_up, PotatoSliced)', '(put_in, PotatoSliced, Bowl)', '(pick_up, TomatoSliced)', '(put_in, TomatoSliced, Bowl)', '(navigate_to_obj, Fridge)', '(open_obj, Fridge)', '(navigate_to_obj, Bowl)', '(pick_up, Bowl)', '(navigate_to_obj, Fridge)', '(put_in, Bowl, Fridge)', '(close_obj, Fridge)']",CTX-AFFORD,
makeSalad-6,makeSalad,execution,execution,False,True,"Failed to successfully execute (pick_up, Bowl)","At 03:00, the robot failed to pick up the bowl—the observation still shows the bowl on the first countertop and the gripper empty after the pickup attempt. The likely cause is that the salad ingredients were not fully transferred into the bowl earlier (e.g., at 02:25 and 02:31 potato and tomato slices are still reported on the countertop as well as in the bowl), suggesting misplacement/perception errors that left the scene cluttered and may have interfered with grasping.",['180'],"['03:00', '02:25', '02:31']","['(navigate_to_obj, Lettuce)', '(pick_up, Lettuce)', '(navigate_to_obj, Bowl)', '(put_on, Lettuce, CounterTop)', '(navigate_to_obj, Tomato)', '(pick_up, Tomato)', '(navigate_to_obj, Bowl)', '(put_on, Tomato, CounterTop)', '(navigate_to_obj, Potato)', '(pick_up, Potato)', '(navigate_to_obj, Bowl)', '(put_on, Potato, CounterTop)', '(navigate_to_obj, Knife)', '(pick_up, Knife)', '(navigate_to_obj, Bowl)', '(slice_obj, Lettuce)', '(slice_obj, Potato)', '(slice_obj, Tomato)', '(put_on, Knife, CounterTop)', '(pick_up, LettuceSliced)', '(put_in, LettuceSliced, Bowl)', '(pick_up, PotatoSliced)', '(put_in, PotatoSliced, Bowl)', '(pick_up, TomatoSliced)', '(put_in, TomatoSliced, Bowl)', '(navigate_to_obj, Fridge)', '(open_obj, Fridge)', '(navigate_to_obj, Bowl)', '(pick_up, Bowl)', '(navigate_to_obj, Fridge)', '(put_in, Bowl, Fridge)', '(close_obj, Fridge)']","[{'action': 'pick_up', 'obj1': 'LettuceSliced', 'obj2': None}, {'action': 'put_in', 'obj1': 'LettuceSliced', 'obj2': 'Bowl'}, {'action': 'pick_up', 'obj1': 'PotatoSliced', 'obj2': None}, {'action': 'put_in', 'obj1': 'PotatoSliced', 'obj2': 'Bowl'}, {'action': 'pick_up', 'obj1': 'TomatoSliced', 'obj2': None}, {'action': 'put_in', 'obj1': 'TomatoSliced', 'obj2': 'Bowl'}, {'action': 'pick_up', 'obj1': 'Bowl', 'obj2': None}, {'action': 'open_obj', 'obj1': 'Fridge', 'obj2': None}, {'action': 'put_in', 'obj1': 'Bowl', 'obj2': 'Fridge'}, {'action': 'close_obj', 'obj1': 'Fridge', 'obj2': None}]","['(navigate_to_obj, Lettuce)', '(pick_up, Lettuce)', '(navigate_to_obj, Bowl)', '(put_on, Lettuce, CounterTop)', '(navigate_to_obj, Tomato)', '(pick_up, Tomato)', '(navigate_to_obj, Bowl)', '(put_on, Tomato, CounterTop)', '(navigate_to_obj, Potato)', '(pick_up, Potato)', '(navigate_to_obj, Bowl)', '(put_on, Potato, CounterTop)', '(navigate_to_obj, Knife)', '(pick_up, Knife)', '(navigate_to_obj, Bowl)', '(slice_obj, Lettuce)', '(slice_obj, Potato)', '(slice_obj, Tomato)', '(put_on, Knife, CounterTop)', '(pick_up, LettuceSliced)', '(put_in, LettuceSliced, Bowl)', '(pick_up, PotatoSliced)', '(put_in, PotatoSliced, Bowl)', '(pick_up, TomatoSliced)', '(put_in, TomatoSliced, Bowl)', '(navigate_to_obj, Fridge)', '(open_obj, Fridge)', '(navigate_to_obj, Bowl)', '(pick_up, Bowl)', '(navigate_to_obj, Fridge)', '(put_in, Bowl, Fridge)', '(close_obj, Fridge)']",RSN-PLAN,
makeSalad-8,makeSalad,execution,execution,True,True,"Failed to successfully execute (put_on, Tomato, CounterTop)","At 01:19, the robot attempted to put the tomato on the countertop near the bowl, but the tomato remained inside the gripper, so the place action failed. This likely happened because the robot targeted an occupied/cluttered area around the bowl and lettuce (seen at 01:16–01:18), preventing a successful release.",['01:19'],"['01:19', '01:16–01:18']","['(navigate_to_obj, Lettuce)', '(pick_up, Lettuce)', '(navigate_to_obj, Bowl)', '(put_on, Lettuce, CounterTop)', '(navigate_to_obj, Tomato)', '(pick_up, Tomato)', '(navigate_to_obj, Bowl)', '(put_on, Tomato, CounterTop)', '(navigate_to_obj, Potato)', '(pick_up, Potato)', '(navigate_to_obj, Bowl)', '(put_on, Potato, CounterTop)', '(navigate_to_obj, Knife)', '(pick_up, Knife)', '(navigate_to_obj, Bowl)', '(slice_obj, Lettuce)', '(slice_obj, Potato)', '(slice_obj, Tomato)', '(put_on, Knife, CounterTop)', '(pick_up, LettuceSliced)', '(put_in, LettuceSliced, Bowl)', '(pick_up, PotatoSliced)', '(put_in, PotatoSliced, Bowl)', '(pick_up, TomatoSliced)', '(put_in, TomatoSliced, Bowl)', '(navigate_to_obj, Fridge)', '(open_obj, Fridge)', '(navigate_to_obj, Bowl)', '(pick_up, Bowl)', '(navigate_to_obj, Fridge)', '(put_in, Bowl, Fridge)', '(close_obj, Fridge)']","[{'action': 'open_obj', 'obj1': 'Fridge', 'obj2': None}, {'action': 'pick_up', 'obj1': 'Bowl', 'obj2': None}, {'action': 'put_on', 'obj1': 'Bowl', 'obj2': 'CounterTop-1'}, {'action': 'pick_up', 'obj1': 'Tomato', 'obj2': None}, {'action': 'slice_obj', 'obj1': 'Tomato', 'obj2': None}, {'action': 'put_in', 'obj1': 'Tomato', 'obj2': 'Bowl'}, {'action': 'pick_up', 'obj1': 'Lettuce', 'obj2': None}, {'action': 'slice_obj', 'obj1': 'Lettuce', 'obj2': None}, {'action': 'put_in', 'obj1': 'Lettuce', 'obj2': 'Bowl'}, {'action': 'pick_up', 'obj1': 'Bowl', 'obj2': None}, {'action': 'put_in', 'obj1': 'Bowl', 'obj2': 'Fridge'}, {'action': 'close_obj', 'obj1': 'Fridge', 'obj2': None}]","['(navigate_to_obj, Lettuce)', '(pick_up, Lettuce)', '(navigate_to_obj, Bowl)', '(put_on, Lettuce, CounterTop)', '(navigate_to_obj, Tomato)', '(pick_up, Tomato)', '(navigate_to_obj, Bowl)', '(put_on, Tomato, CounterTop)', '(navigate_to_obj, Potato)', '(pick_up, Potato)', '(navigate_to_obj, Bowl)', '(put_on, Potato, CounterTop)', '(navigate_to_obj, Knife)', '(pick_up, Knife)', '(navigate_to_obj, Bowl)', '(slice_obj, Lettuce)', '(slice_obj, Potato)', '(slice_obj, Tomato)', '(put_on, Knife, CounterTop)', '(pick_up, LettuceSliced)', '(put_in, LettuceSliced, Bowl)', '(pick_up, PotatoSliced)', '(put_in, PotatoSliced, Bowl)', '(pick_up, TomatoSliced)', '(put_in, TomatoSliced, Bowl)', '(navigate_to_obj, Fridge)', '(open_obj, Fridge)', '(navigate_to_obj, Bowl)', '(pick_up, Bowl)', '(navigate_to_obj, Fridge)', '(put_in, Bowl, Fridge)', '(close_obj, Fridge)']",RSN-PLAN,
makeSalad-9,makeSalad,execution,execution,False,True,Dropped Bowl,"At 02:38, the robot attempted to put the lettuce slice into the bowl, but the lettuce slice ended up above/on the countertop near the bowl instead of inside it, while the gripper became empty. The failure was caused by an inaccurate placement/drop during transfer after picking up the lettuce slice at 02:35.",['03:22'],"['02:35', '02:38']","['(navigate_to_obj, Lettuce)', '(pick_up, Lettuce)', '(navigate_to_obj, Bowl)', '(put_on, Lettuce, CounterTop)', '(navigate_to_obj, Tomato)', '(pick_up, Tomato)', '(navigate_to_obj, Bowl)', '(put_on, Tomato, CounterTop)', '(navigate_to_obj, Potato)', '(pick_up, Potato)', '(navigate_to_obj, Bowl)', '(put_on, Potato, CounterTop)', '(navigate_to_obj, Knife)', '(pick_up, Knife)', '(navigate_to_obj, Bowl)', '(slice_obj, Lettuce)', '(slice_obj, Potato)', '(slice_obj, Tomato)', '(put_on, Knife, CounterTop)', '(pick_up, LettuceSliced)', '(put_in, LettuceSliced, Bowl)', '(pick_up, PotatoSliced)', '(put_in, PotatoSliced, Bowl)', '(pick_up, TomatoSliced)', '(put_in, TomatoSliced, Bowl)', '(navigate_to_obj, Fridge)', '(open_obj, Fridge)', '(navigate_to_obj, Bowl)', '(pick_up, Bowl)', '(navigate_to_obj, Fridge)', '(put_in, Bowl, Fridge)', '(close_obj, Fridge)']","[{'action': 'pick_up', 'obj1': 'LettuceSliced', 'obj2': None}, {'action': 'put_in', 'obj1': 'LettuceSliced', 'obj2': 'Bowl'}, {'action': 'pick_up', 'obj1': 'PotatoSliced', 'obj2': None}, {'action': 'put_in', 'obj1': 'PotatoSliced', 'obj2': 'Bowl'}, {'action': 'pick_up', 'obj1': 'TomatoSliced', 'obj2': None}, {'action': 'put_in', 'obj1': 'TomatoSliced', 'obj2': 'Bowl'}, {'action': 'open_obj', 'obj1': 'Fridge', 'obj2': None}, {'action': 'pick_up', 'obj1': 'Bowl', 'obj2': None}, {'action': 'put_in', 'obj1': 'Bowl', 'obj2': 'Fridge'}, {'action': 'close_obj', 'obj1': 'Fridge', 'obj2': None}]","['(navigate_to_obj, Lettuce)', '(pick_up, Lettuce)', '(navigate_to_obj, Bowl)', '(put_on, Lettuce, CounterTop)', '(navigate_to_obj, Tomato)', '(pick_up, Tomato)', '(navigate_to_obj, Bowl)', '(put_on, Tomato, CounterTop)', '(navigate_to_obj, Potato)', '(pick_up, Potato)', '(navigate_to_obj, Bowl)', '(put_on, Potato, CounterTop)', '(navigate_to_obj, Knife)', '(pick_up, Knife)', '(navigate_to_obj, Bowl)', '(slice_obj, Lettuce)', '(slice_obj, Potato)', '(slice_obj, Tomato)', '(put_on, Knife, CounterTop)', '(pick_up, LettuceSliced)', '(put_in, LettuceSliced, Bowl)', '(pick_up, PotatoSliced)', '(put_in, PotatoSliced, Bowl)', '(pick_up, TomatoSliced)', '(put_in, TomatoSliced, Bowl)', '(navigate_to_obj, Fridge)', '(open_obj, Fridge)', '(navigate_to_obj, Bowl)', '(pick_up, Bowl)', '(navigate_to_obj, Fridge)', '(put_in, Bowl, Fridge)', '(close_obj, Fridge)']",PER-SPATIAL,
storeEgg-2,storeEgg,planning,execution,True,False,lettuce is blocking the egg,"At 00:16, the robot failed to pick up the egg—the gripper was still empty afterward even though the egg remained visible in the open fridge. A likely cause is that something was dropped or mishandled when the fridge was opened at 00:15, as indicated by the “object drops or cracks on hard surface” sound, which likely disrupted the pickup.",['00:16'],"['00:16', '00:15']","['(navigate_to_obj, Fridge)', '(open_obj, Fridge)', '(pick_up, Egg)', '(navigate_to_obj, CounterTop)', '(put_on, Egg, CounterTop)', '(navigate_to_obj, Fridge)', '(close_obj, Fridge)', '(navigate_to_obj, Egg)', '(pick_up, Egg)', '(navigate_to_obj, Bowl)', '(put_in, Egg, Bowl)', '(navigate_to_obj, Fridge)', '(open_obj, Fridge)', '(navigate_to_obj, Bowl)', '(pick_up, Bowl)', '(navigate_to_obj, Fridge)', '(put_in, Bowl, Fridge)', '(close_obj, Fridge)']","[{'action': 'open_obj', 'obj1': 'Fridge', 'obj2': None}, {'action': 'pick_up', 'obj1': 'Egg', 'obj2': None}, {'action': 'put_in', 'obj1': 'Egg', 'obj2': 'Bowl'}, {'action': 'pick_up', 'obj1': 'Bowl', 'obj2': None}, {'action': 'put_in', 'obj1': 'Bowl', 'obj2': 'Fridge'}, {'action': 'close_obj', 'obj1': 'Fridge', 'obj2': None}]","['(navigate_to_obj, Fridge)', '(open_obj, Fridge)', '(pick_up, Egg)', '(navigate_to_obj, CounterTop)', '(put_on, Egg, CounterTop)', '(navigate_to_obj, Fridge)', '(close_obj, Fridge)', '(navigate_to_obj, Egg)', '(pick_up, Egg)', '(navigate_to_obj, Bowl)', '(put_in, Egg, Bowl)', '(navigate_to_obj, Fridge)', '(open_obj, Fridge)', '(navigate_to_obj, Bowl)', '(pick_up, Bowl)', '(navigate_to_obj, Fridge)', '(put_in, Bowl, Fridge)', '(close_obj, Fridge)']",PER-SPATIAL,
switchDevices-1,switchDevices,execution,planning,True,True,Wrong Plan: TV switched off and laptop turned on,"The plan targeted the wrong device states: it turned the laptop on instead of closing it, and it toggled the television off instead of on. So even though the laptop ended up on the TV stand, the success conditions were not met because the laptop remained open and the TV was off.","['00:19', '01:07']",['00:19'],"['(navigate_to_obj, Laptop)', '(toggle_on, Laptop)', '(pick_up, Laptop)', '(navigate_to_obj, TVStand)', '(put_on, Laptop, TVStand)', '(navigate_to_obj, RemoteControl)', '(pick_up, RemoteControl)', '(navigate_to_obj, Television)', '(toggle_off, Television)', '(put_on, RemoteControl, TVStand)']","[{'action': 'pick_up', 'obj1': 'Laptop', 'obj2': None}, {'action': 'close_obj', 'obj1': 'Laptop', 'obj2': None}, {'action': 'put_on', 'obj1': 'Laptop', 'obj2': 'TVStand'}, {'action': 'toggle_on', 'obj1': 'Television', 'obj2': None}]","['(navigate_to_obj, Laptop)', '(toggle_on, Laptop)', '(pick_up, Laptop)', '(navigate_to_obj, TVStand)', '(put_on, Laptop, TVStand)', '(navigate_to_obj, RemoteControl)', '(pick_up, RemoteControl)', '(navigate_to_obj, Television)', '(toggle_off, Television)', '(put_on, RemoteControl, TVStand)']",RSN-PLAN,
storeEgg-9,storeEgg,execution,execution,True,True,"Failed to successfully execute (open_obj, Fridge)","At 00:15, the robot attempted to open the fridge, but the observation still shows the fridge remained closed, so the open action failed. The failure was caused by the robot spending 00:01–00:14 repeatedly moving to the fridge without making progress, then being unable to actually open the closed fridge.",['00:15'],"['00:15', '00:01–00:14']","['(navigate_to_obj, Fridge)', '(open_obj, Fridge)', '(pick_up, Egg)', '(navigate_to_obj, CounterTop)', '(put_on, Egg, CounterTop)', '(navigate_to_obj, Fridge)', '(close_obj, Fridge)', '(navigate_to_obj, Egg)', '(pick_up, Egg)', '(navigate_to_obj, Bowl)', '(put_in, Egg, Bowl)', '(navigate_to_obj, Fridge)', '(open_obj, Fridge)', '(navigate_to_obj, Bowl)', '(pick_up, Bowl)', '(navigate_to_obj, Fridge)', '(put_in, Bowl, Fridge)', '(close_obj, Fridge)']","[{'action': 'open_obj', 'obj1': 'Fridge', 'obj2': None}, {'action': 'pick_up', 'obj1': 'Egg', 'obj2': None}, {'action': 'put_in', 'obj1': 'Egg', 'obj2': 'Bowl'}, {'action': 'pick_up', 'obj1': 'Bowl', 'obj2': None}, {'action': 'put_in', 'obj1': 'Bowl', 'obj2': 'Fridge'}, {'action': 'close_obj', 'obj1': 'Fridge', 'obj2': None}]","['(navigate_to_obj, Fridge)', '(open_obj, Fridge)', '(pick_up, Egg)', '(navigate_to_obj, CounterTop)', '(put_on, Egg, CounterTop)', '(navigate_to_obj, Fridge)', '(close_obj, Fridge)', '(navigate_to_obj, Egg)', '(pick_up, Egg)', '(navigate_to_obj, Bowl)', '(put_in, Egg, Bowl)', '(navigate_to_obj, Fridge)', '(open_obj, Fridge)', '(navigate_to_obj, Bowl)', '(pick_up, Bowl)', '(navigate_to_obj, Fridge)', '(put_in, Bowl, Fridge)', '(close_obj, Fridge)']",PER-SPATIAL,
switchDevices-10,switchDevices,execution,execution,False,True,"Missing (pick_up, RemoteControl)","At 01:04, the robot attempted to toggle on the television, but the TV remained off, so the final step failed. The likely cause is that after moving toward the remote at 00:48–00:52, the robot never picked it up and then tried to turn on the TV with an empty gripper, so it had no effective way to switch the television on.",['01:04'],"['00:48–00:52', '01:04']","['(navigate_to_obj, Laptop)', '(close_obj, Laptop)', '(pick_up, Laptop)', '(navigate_to_obj, TVStand)', '(put_on, Laptop, TVStand)', '(navigate_to_obj, RemoteControl)', '(navigate_to_obj, Television)', '(toggle_on, Television)']","[{'action': 'toggle_on', 'obj1': 'Television', 'obj2': None}]","['(navigate_to_obj, Laptop)', '(close_obj, Laptop)', '(pick_up, Laptop)', '(navigate_to_obj, TVStand)', '(put_on, Laptop, TVStand)', '(navigate_to_obj, RemoteControl)', '(navigate_to_obj, Television)', '(toggle_on, Television)']",RSN-PLAN,
switchDevices-2,switchDevices,planning,execution,True,True,Wrong Order: of pick up remote control and toggle on television,"At 00:55, the robot attempted to toggle on the television, but the TV remained off, so the final step failed. The likely cause is that after moving toward the TV at 00:48–00:52, the robot did not properly locate or actuate the TV’s power control (and it was not holding the remote), so the toggle action had no effect.",['00:55'],"['00:55', '00:48–00:52']","['(navigate_to_obj, Laptop)', '(close_obj, Laptop)', '(pick_up, Laptop)', '(navigate_to_obj, TVStand)', '(put_on, Laptop, TVStand)', '(navigate_to_obj, Television)', '(toggle_on, Television)', '(navigate_to_obj, RemoteControl)', '(pick_up, RemoteControl)', '(put_on, RemoteControl, TVStand)']","[{'action': 'toggle_on', 'obj1': 'Television', 'obj2': None}]","['(navigate_to_obj, Laptop)', '(close_obj, Laptop)', '(pick_up, Laptop)', '(navigate_to_obj, TVStand)', '(put_on, Laptop, TVStand)', '(navigate_to_obj, Television)', '(toggle_on, Television)', '(navigate_to_obj, RemoteControl)', '(pick_up, RemoteControl)', '(put_on, RemoteControl, TVStand)']",RSN-PLAN,
switchDevices-4,switchDevices,execution,execution,False,True,Wrong Plan: Floorlamp turned on instead of television,"At 00:24, the robot toggled the floor lamp off instead of working on the laptop or TV. The failure happened because from 00:01–00:23 it kept navigating to and focusing on the floor lamp, losing track of the actual task targets (the laptop in the armchair and the television).",['01:39'],"['00:24', '00:01–00:23']","['(navigate_to_obj, Laptop)', '(close_obj, Laptop)', '(pick_up, Laptop)', '(navigate_to_obj, TVStand)', '(put_on, Laptop, TVStand)', '(navigate_to_obj, RemoteControl)', '(pick_up, RemoteControl)', '(navigate_to_obj, FloorLamp)', '(toggle_on, FloorLamp)']","[{'action': 'put_on', 'obj1': 'RemoteControl', 'obj2': 'TVStand'}, {'action': 'toggle_on', 'obj1': 'Television', 'obj2': None}]","['(navigate_to_obj, Laptop)', '(close_obj, Laptop)', '(pick_up, Laptop)', '(navigate_to_obj, TVStand)', '(put_on, Laptop, TVStand)', '(navigate_to_obj, RemoteControl)', '(pick_up, RemoteControl)', '(navigate_to_obj, FloorLamp)', '(toggle_on, FloorLamp)']",RSN-PLAN,
switchDevices-6,switchDevices,planning,execution,False,False,Book is blocking remote control,"At 00:42, the robot successfully placed the closed laptop on the TV stand, so the failure was not with the placement itself. The task failed because by that time the television was still off and the robot had not performed the final required step of switching it on after moving the laptop.",['00:51'],['00:42'],"['(navigate_to_obj, Laptop)', '(close_obj, Laptop)', '(pick_up, Laptop)', '(navigate_to_obj, TVStand)', '(put_in, Laptop, TVStand)', '(navigate_to_obj, RemoteControl)', '(pick_up, RemoteControl)', '(navigate_to_obj, Television)', '(toggle_on, Television)', '(put_on, RemoteControl, TVStand)']","[{'action': 'pick_up', 'obj1': 'RemoteControl', 'obj2': None}, {'action': 'toggle_on', 'obj1': 'Television', 'obj2': None}, {'action': 'put_on', 'obj1': 'RemoteControl', 'obj2': 'TVStand'}]","['(navigate_to_obj, Laptop)', '(close_obj, Laptop)', '(pick_up, Laptop)', '(navigate_to_obj, TVStand)', '(put_in, Laptop, TVStand)', '(navigate_to_obj, RemoteControl)', '(pick_up, RemoteControl)', '(navigate_to_obj, Television)', '(toggle_on, Television)', '(put_on, RemoteControl, TVStand)']",RSN-DIAG,
switchDevices-8,switchDevices,execution,execution,False,True,Dropped RemoteControl,"The failure at 01:07 happened because the robot tried to toggle on the television without the remote control or any object in its gripper, so the TV remained off. The likely cause is that it dropped the remote during the move at 00:59, indicated by the gripper becoming empty and the “object drops or cracks on hard surface” sound.",['00:59'],"['01:07', '00:59']","['(navigate_to_obj, Laptop)', '(close_obj, Laptop)', '(pick_up, Laptop)', '(navigate_to_obj, TVStand)', '(put_on, Laptop, TVStand)', '(navigate_to_obj, RemoteControl)', '(pick_up, RemoteControl)', '(navigate_to_obj, Television)', '(toggle_on, Television)']","[{'action': 'pick_up', 'obj1': 'RemoteControl', 'obj2': None}, {'action': 'toggle_on', 'obj1': 'Television', 'obj2': None}]","['(navigate_to_obj, Laptop)', '(close_obj, Laptop)', '(pick_up, Laptop)', '(navigate_to_obj, TVStand)', '(put_on, Laptop, TVStand)', '(navigate_to_obj, RemoteControl)', '(pick_up, RemoteControl)', '(navigate_to_obj, Television)', '(toggle_on, Television)']",EXEC-SIM,
toastBread-1,toastBread,execution,execution,True,True,Dropped BreadSliced,"At 00:45, the robot attempted to put the bread slice into the toaster, but the observations show the gripper was already empty by 00:43–00:44, so it had dropped or lost the bread slice before reaching the toaster. The failure was caused by trying to insert bread when it was no longer in the gripper, and the toaster also remained off.",00:43,"['00:43', '00:44', '00:45']","['(navigate_to_obj, Knife)', '(pick_up, Knife)', '(navigate_to_obj, Bread)', '(slice_obj, Bread)', '(put_on, Knife, CounterTop)', '(pick_up, BreadSliced)', '(navigate_to_obj, Toaster)', '(put_in, BreadSliced, Toaster)', '(toggle_on, Toaster)']","[{'action': 'pick_up', 'obj1': 'BreadSliced', 'obj2': None}, {'action': 'put_in', 'obj1': 'BreadSliced', 'obj2': 'Toaster'}]","['(navigate_to_obj, Knife)', '(pick_up, Knife)', '(navigate_to_obj, Bread)', '(slice_obj, Bread)', '(put_on, Knife, CounterTop)', '(pick_up, BreadSliced)', '(navigate_to_obj, Toaster)', '(put_in, BreadSliced, Toaster)', '(toggle_on, Toaster)']",CTX-AFFORD,
toastBread-10,toastBread,execution,execution,True,True,The robot forgot to pick up the bread slice from the countertop before moving to the toaster.,"At 00:42, the robot tried to put the bread slice into the toaster, but the gripper was empty, so no bread was actually inserted. The failure was caused by not picking up the bread slice after slicing and leaving it on the second countertop at 00:36 before moving to the toaster at 00:40–00:41.","['00:36', '00:37', '00:38', '00:39', '00:40', '00:41', '00:42']","['00:42', '00:36', '00:40–00:41']","['(navigate_to_obj, Knife)', '(pick_up, Knife)', '(navigate_to_obj, Bread)', '(slice_obj, Bread)', '(put_on, Knife, CounterTop)', '(navigate_to_obj, Toaster)', '(put_in, BreadSliced, Toaster)', '(toggle_on, Toaster)']","[{'action': 'pick_up', 'obj1': 'BreadSliced', 'obj2': None}, {'action': 'put_in', 'obj1': 'BreadSliced', 'obj2': 'Toaster'}, {'action': 'toggle_on', 'obj1': 'Toaster', 'obj2': None}]","['(navigate_to_obj, Knife)', '(pick_up, Knife)', '(navigate_to_obj, Bread)', '(slice_obj, Bread)', '(put_on, Knife, CounterTop)', '(navigate_to_obj, Toaster)', '(put_in, BreadSliced, Toaster)', '(toggle_on, Toaster)']",CTX-AFFORD,
toastBread-2,toastBread,planning,execution,True,True,The robot cannot pick up knife due to the pot occluding the knife.,"At 00:23, the robot failed to pick up the knife because the pot was blocking access to it on the first countertop. This was already indicated at 00:22, so the pickup attempt likely failed due to the knife being obstructed.",00:23,"['00:23', '00:22']","['(navigate_to_obj, Knife)', '(pick_up, Knife)', '(navigate_to_obj, Bread)', '(slice_obj, Bread)', '(put_on, Knife, CounterTop)', '(pick_up, BreadSliced)', '(navigate_to_obj, Toaster)', '(put_in, BreadSliced, Toaster)', '(toggle_on, Toaster)']","[{'action': 'pick_up', 'obj1': 'Bread', 'obj2': None}, {'action': 'slice_obj', 'obj1': 'Bread', 'obj2': None}, {'action': 'put_in', 'obj1': 'Bread', 'obj2': 'Toaster'}, {'action': 'toggle_on', 'obj1': 'Toaster', 'obj2': None}]","['(navigate_to_obj, Knife)', '(pick_up, Knife)', '(navigate_to_obj, Bread)', '(slice_obj, Bread)', '(put_on, Knife, CounterTop)', '(pick_up, BreadSliced)', '(navigate_to_obj, Toaster)', '(put_in, BreadSliced, Toaster)', '(toggle_on, Toaster)']",RSN-PLAN,
toastBread-3,toastBread,planning,execution,False,True,"The robot cannot put bread slice inside the toaster due to a cellphone on top of the toaster, blocking the slots.","At 00:47, the robot failed to put the bread slice into the toaster and instead placed it on top of the toaster, specifically on top of the cellphone already sitting there. The failure was caused by the toaster slot being obstructed by the cellphone visible at 00:43–00:44, while the toaster was also still turned off.",00:47,"['00:43', '00:44', '00:47']","['(navigate_to_obj, Knife)', '(pick_up, Knife)', '(navigate_to_obj, Bread)', '(slice_obj, Bread)', '(put_on, Knife, CounterTop)', '(pick_up, BreadSliced)', '(navigate_to_obj, Toaster)', '(put_in, BreadSliced, Toaster)', '(toggle_on, Toaster)']","[{'action': 'pick_up', 'obj1': 'CellPhone', 'obj2': None}, {'action': 'put_on', 'obj1': 'CellPhone', 'obj2': 'CounterTop'}, {'action': 'pick_up', 'obj1': 'BreadSliced', 'obj2': None}, {'action': 'put_in', 'obj1': 'BreadSliced', 'obj2': 'Toaster'}, {'action': 'toggle_on', 'obj1': 'Toaster', 'obj2': None}]","['(navigate_to_obj, Knife)', '(pick_up, Knife)', '(navigate_to_obj, Bread)', '(slice_obj, Bread)', '(put_on, Knife, CounterTop)', '(pick_up, BreadSliced)', '(navigate_to_obj, Toaster)', '(put_in, BreadSliced, Toaster)', '(toggle_on, Toaster)']",CTX-AFFORD,
toastBread-4,toastBread,execution,execution,True,True,The robot failed to execute the slice bread action.,"At 00:31, the robot attempted to slice the bread, but the observation still shows the bread as “not sliced,” so the slicing action failed. The likely cause is that after only moving to the bread at 00:29–00:30, the robot was not properly aligned or positioned to cut it successfully.",00:31,"['00:31', '00:29–00:30']","['(navigate_to_obj, Knife)', '(pick_up, Knife)', '(navigate_to_obj, Bread)', '(slice_obj, Bread)', '(put_on, Knife, CounterTop)', '(pick_up, BreadSliced)', '(navigate_to_obj, Toaster)', '(put_in, BreadSliced, Toaster)', '(toggle_on, Toaster)']","[{'action': 'pick_up', 'obj1': 'Knife', 'obj2': None}, {'action': 'slice_obj', 'obj1': 'Bread', 'obj2': None}, {'action': 'put_on', 'obj1': 'Knife', 'obj2': 'CounterTop-1'}, {'action': 'pick_up', 'obj1': 'Bread', 'obj2': None}, {'action': 'put_in', 'obj1': 'Bread', 'obj2': 'Toaster'}]","['(navigate_to_obj, Knife)', '(pick_up, Knife)', '(navigate_to_obj, Bread)', '(slice_obj, Bread)', '(put_on, Knife, CounterTop)', '(pick_up, BreadSliced)', '(navigate_to_obj, Toaster)', '(put_in, BreadSliced, Toaster)', '(toggle_on, Toaster)']",RSN-PLAN,
toastBread-7,toastBread,execution,execution,False,True,"The robot never sliced the bread, and the unsliced bread cannot be put inside the toaster.","At 00:29, the robot failed to insert the bread into the toaster and instead placed the unsliced bread on top of the toaster. The failure was likely caused by using a whole loaf rather than sliced bread and/or misaligning the placement during the “Put bread in toaster” action after moving to the toaster at 00:25–00:26.","['00:01', '00:02', '00:03', '00:04', '00:05', '00:06', '00:07', '00:08', '00:09', '00:10', '00:11', '00:12', '00:13', '00:14', '00:15', '00:16', '00:17', '00:18', '00:19', '00:20', '00:21']","['00:25–00:26', '00:29']","['(navigate_to_obj, Bread)', '(pick_up, Bread)', '(navigate_to_obj, Toaster)', '(put_in, Bread, Toaster)', '(toggle_on, Toaster)']","[{'action': 'pick_up', 'obj1': 'Bread', 'obj2': None}, {'action': 'slice_obj', 'obj1': 'Bread', 'obj2': None}, {'action': 'put_in', 'obj1': 'Bread', 'obj2': 'Toaster'}, {'action': 'toggle_on', 'obj1': 'Toaster', 'obj2': None}]","['(navigate_to_obj, Bread)', '(pick_up, Bread)', '(navigate_to_obj, Toaster)', '(put_in, Bread, Toaster)', '(toggle_on, Toaster)']",RSN-PLAN,
toastBread-6,toastBread,execution,execution,True,True,The robot never picked up a knife and thus cannot slice the bread.,"At 00:28, the robot attempted to slice the bread, but the bread remained unsliced because the gripper was empty. The failure was caused by not picking up the knife first, even though the knife was observed at 00:20.","['00:01', '00:02', '00:03', '00:04', '00:05', '00:06', '00:07', '00:08', '00:09', '00:10', '00:11', '00:12', '00:13', '00:14', '00:15', '00:16', '00:17', '00:18', '00:19', '00:20', '00:21', '00:22', '00:23', '00:24', '00:25', '00:26', '00:27', '00:28']","['00:28', '00:20']","['(navigate_to_obj, Knife)', '(navigate_to_obj, Bread)', '(slice_obj, Bread)', '(pick_up, BreadSliced)', '(navigate_to_obj, Toaster)', '(put_in, BreadSliced, Toaster)', '(toggle_on, Toaster)']","[{'action': 'pick_up', 'obj1': 'Knife', 'obj2': None}, {'action': 'slice_obj', 'obj1': 'Bread', 'obj2': None}, {'action': 'pick_up', 'obj1': 'Bread', 'obj2': None}, {'action': 'put_in', 'obj1': 'Bread', 'obj2': 'Toaster'}, {'action': 'toggle_on', 'obj1': 'Toaster', 'obj2': None}]","['(navigate_to_obj, Knife)', '(navigate_to_obj, Bread)', '(slice_obj, Bread)', '(pick_up, BreadSliced)', '(navigate_to_obj, Toaster)', '(put_in, BreadSliced, Toaster)', '(toggle_on, Toaster)']",RSN-PLAN,
toastBread-8,toastBread,execution,execution,True,True,"The robot did not put the knife down after slicing the bread. As a result, the gripper was occupied by the knife and it could not pick up the bread slice.","At 00:50, the robot failed to pick up the bread slice because its gripper was still occupied holding the knife from 00:23 onward. Since it never put the knife down after slicing at 00:33, the gripper was not free to grasp the bread slice.","['00:33', '00:34', '00:35', '00:36', '00:37', '00:38', '00:39', '00:40', '00:41', '00:42', '00:43', '00:44', '00:45', '00:46', '00:47', '00:48', '00:49', '00:50']","['00:50', '00:23', '00:33']","['(navigate_to_obj, Knife)', '(pick_up, Knife)', '(navigate_to_obj, Bread)', '(slice_obj, Bread)', '(pick_up, BreadSliced)', '(navigate_to_obj, Toaster)', '(put_in, BreadSliced, Toaster)', '(toggle_on, Toaster)']","[{'action': 'pick_up', 'obj1': 'BreadSliced', 'obj2': None}, {'action': 'put_in', 'obj1': 'BreadSliced', 'obj2': 'Toaster'}, {'action': 'toggle_on', 'obj1': 'Toaster', 'obj2': None}]","['(navigate_to_obj, Knife)', '(pick_up, Knife)', '(navigate_to_obj, Bread)', '(slice_obj, Bread)', '(pick_up, BreadSliced)', '(navigate_to_obj, Toaster)', '(put_in, BreadSliced, Toaster)', '(toggle_on, Toaster)']",CTX-AFFORD,
toastBread-9,toastBread,execution,execution,True,True,"The robot toggled on the toaster before trying to put the bread slice inside the toaster. As a result, the bread slice ended up on top of the toaster instead of inside it.","At 00:50, the robot failed to insert the bread slice into the toaster; the slice ended up on top of the toaster instead of inside it. This likely happened because the robot turned the toaster on at 00:47 before properly positioning/aliging the bread for insertion, leading to a misplacement during the “put bread slice in toaster” action.","['00:47', '00:48', '00:49', '00:50']","['00:50', '00:47']","['(navigate_to_obj, Knife)', '(pick_up, Knife)', '(navigate_to_obj, Bread)', '(slice_obj, Bread)', '(put_on, Knife, CounterTop)', '(pick_up, BreadSliced)', '(navigate_to_obj, Toaster)', '(toggle_on, Toaster)', '(put_in, BreadSliced, Toaster)']","[{'action': 'pick_up', 'obj1': 'BreadSliced', 'obj2': None}, {'action': 'put_in', 'obj1': 'BreadSliced', 'obj2': 'Toaster'}, {'action': 'toggle_on', 'obj1': 'Toaster', 'obj2': None}]","['(navigate_to_obj, Knife)', '(pick_up, Knife)', '(navigate_to_obj, Bread)', '(slice_obj, Bread)', '(put_on, Knife, CounterTop)', '(pick_up, BreadSliced)', '(navigate_to_obj, Toaster)', '(toggle_on, Toaster)', '(put_in, BreadSliced, Toaster)']",RSN-PLAN,
warmWater-1,warmWater,planning,execution,True,True,Wrong order of toggle on microwave and close microwave,"At 01:04, the robot tried to turn on the microwave while its door was still open, so the microwave remained open and off instead of heating the water. The failure was caused by not closing the microwave after placing the mug inside at 01:01.","['01:04', '01:07']","['01:04', '01:01']","['(navigate_to_obj, Mug)', '(pick_up, Mug)', '(navigate_to_obj, Sink)', '(put_in, Mug, Sink)', '(toggle_on, Faucet)', '(toggle_off, Faucet)', '(pick_up, Mug)', '(navigate_to_obj, Microwave)', '(put_on, Mug, CounterTop)', '(open_obj, Microwave)', '(pick_up, Mug)', '(put_in, Mug, Microwave)', '(toggle_on, Microwave)', '(close_obj, Microwave)', '(toggle_off, Microwave)', '(open_obj, Microwave)', '(pick_up, Mug)', '(navigate_to_obj, DiningTable)', '(put_on, Mug, DiningTable)']","[{'action': 'pick_up', 'obj1': 'Mug', 'obj2': None}, {'action': 'open_obj', 'obj1': 'Microwave', 'obj2': None}, {'action': 'put_in', 'obj1': 'Mug', 'obj2': 'Microwave'}, {'action': 'close_obj', 'obj1': 'Microwave', 'obj2': None}, {'action': 'toggle_on', 'obj1': 'Microwave', 'obj2': None}, {'action': 'toggle_off', 'obj1': 'Microwave', 'obj2': None}, {'action': 'open_obj', 'obj1': 'Microwave', 'obj2': None}, {'action': 'pick_up', 'obj1': 'Mug', 'obj2': None}, {'action': 'put_on', 'obj1': 'Mug', 'obj2': 'DiningTable'}]","['(navigate_to_obj, Mug)', '(pick_up, Mug)', '(navigate_to_obj, Sink)', '(put_in, Mug, Sink)', '(toggle_on, Faucet)', '(toggle_off, Faucet)', '(pick_up, Mug)', '(navigate_to_obj, Microwave)', '(put_on, Mug, CounterTop)', '(open_obj, Microwave)', '(pick_up, Mug)', '(put_in, Mug, Microwave)', '(toggle_on, Microwave)', '(close_obj, Microwave)', '(toggle_off, Microwave)', '(open_obj, Microwave)', '(pick_up, Mug)', '(navigate_to_obj, DiningTable)', '(put_on, Mug, DiningTable)']",EXEC-SIM,
warmWater-10,warmWater,execution,execution,True,True,"Failed to successfully execute (toggle_on, Faucet)","At 00:21, the robot attempted to turn on the faucet, but the observation still shows the faucet as turned off, so the toggle action failed. The likely cause is that the sink area was cluttered and the robot was not properly aligned or able to reach/manipulate the faucet handle after placing the mug in the sink at 00:20.",['00:21'],"['00:21', '00:20']","['(navigate_to_obj, Mug)', '(pick_up, Mug)', '(navigate_to_obj, Sink)', '(put_in, Mug, Sink)', '(toggle_on, Faucet)', '(toggle_off, Faucet)', '(pick_up, Mug)', '(navigate_to_obj, Microwave)', '(put_on, Mug, CounterTop)', '(open_obj, Microwave)', '(pick_up, Mug)', '(put_in, Mug, Microwave)', '(close_obj, Microwave)', '(toggle_on, Microwave)', '(toggle_off, Microwave)', '(open_obj, Microwave)', '(pick_up, Mug)', '(navigate_to_obj, DiningTable)', '(put_on, Mug, DiningTable)']","[{'action': 'pick_up', 'obj1': 'Mug', 'obj2': None}, {'action': 'put_in', 'obj1': 'Mug', 'obj2': 'Sink'}, {'action': 'toggle_on', 'obj1': 'Faucet', 'obj2': None}, {'action': 'toggle_off', 'obj1': 'Faucet', 'obj2': None}, {'action': 'pick_up', 'obj1': 'Mug', 'obj2': None}, {'action': 'put_in', 'obj1': 'Mug', 'obj2': 'Microwave'}, {'action': 'close_obj', 'obj1': 'Microwave', 'obj2': None}, {'action': 'toggle_on', 'obj1': 'Microwave', 'obj2': None}, {'action': 'toggle_off', 'obj1': 'Microwave', 'obj2': None}, {'action': 'open_obj', 'obj1': 'Microwave', 'obj2': None}, {'action': 'pick_up', 'obj1': 'Mug', 'obj2': None}, {'action': 'put_on', 'obj1': 'Mug', 'obj2': 'DiningTable'}]","['(navigate_to_obj, Mug)', '(pick_up, Mug)', '(navigate_to_obj, Sink)', '(put_in, Mug, Sink)', '(toggle_on, Faucet)', '(toggle_off, Faucet)', '(pick_up, Mug)', '(navigate_to_obj, Microwave)', '(put_on, Mug, CounterTop)', '(open_obj, Microwave)', '(pick_up, Mug)', '(put_in, Mug, Microwave)', '(close_obj, Microwave)', '(toggle_on, Microwave)', '(toggle_off, Microwave)', '(open_obj, Microwave)', '(pick_up, Mug)', '(navigate_to_obj, DiningTable)', '(put_on, Mug, DiningTable)']",EXEC-SIM,
warmWater-2,warmWater,planning,planning,True,True,Wrong order of filling water and microwaving,"The plan heated the mug first but then put it in the sink and ran the faucet, which likely replaced or cooled the warmed water. So although the mug ended up on the dining table filled with water, the final state does not guarantee it was still warm.","['00:21', '01:25']",['00:47'],"['(navigate_to_obj, Microwave)', '(open_obj, Microwave)', '(navigate_to_obj, Mug)', '(pick_up, Mug)', '(put_in, Mug, Microwave)', '(close_obj, Microwave)', '(toggle_on, Microwave)', '(toggle_off, Microwave)', '(open_obj, Microwave)', '(pick_up, Mug)', '(navigate_to_obj, Sink)', '(put_in, Mug, Sink)', '(toggle_on, Faucet)', '(toggle_off, Faucet)', '(pick_up, Mug)', '(navigate_to_obj, DiningTable)', '(put_on, Mug, DiningTable)']","[{'action': 'pick_up', 'obj1': 'Mug', 'obj2': None}, {'action': 'put_in', 'obj1': 'Mug', 'obj2': 'Microwave'}, {'action': 'close_obj', 'obj1': 'Microwave', 'obj2': None}, {'action': 'toggle_on', 'obj1': 'Microwave', 'obj2': None}, {'action': 'toggle_off', 'obj1': 'Microwave', 'obj2': None}, {'action': 'open_obj', 'obj1': 'Microwave', 'obj2': None}, {'action': 'pick_up', 'obj1': 'Mug', 'obj2': None}, {'action': 'put_on', 'obj1': 'Mug', 'obj2': 'DiningTable'}]","['(navigate_to_obj, Microwave)', '(open_obj, Microwave)', '(navigate_to_obj, Mug)', '(pick_up, Mug)', '(put_in, Mug, Microwave)', '(close_obj, Microwave)', '(toggle_on, Microwave)', '(toggle_off, Microwave)', '(open_obj, Microwave)', '(pick_up, Mug)', '(navigate_to_obj, Sink)', '(put_in, Mug, Sink)', '(toggle_on, Faucet)', '(toggle_off, Faucet)', '(pick_up, Mug)', '(navigate_to_obj, DiningTable)', '(put_on, Mug, DiningTable)']",EXEC-SIM,
warmWater-3,warmWater,planning,planning,True,True,Incomplete Plan: missed steps for serving the mug,"The robot heated the water, but it never completed the serving step: the mug was left inside the microwave instead of being placed on the dining table. Since success requires a mug of warm water on the dining table, the plan was missing the final retrieval and delivery actions.",['01:10'],['01:10'],"['(navigate_to_obj, Mug)', '(pick_up, Mug)', '(navigate_to_obj, Sink)', '(put_in, Mug, Sink)', '(toggle_on, Faucet)', '(toggle_off, Faucet)', '(pick_up, Mug)', '(navigate_to_obj, Microwave)', '(put_on, Mug, CounterTop)', '(open_obj, Microwave)', '(pick_up, Mug)', '(put_in, Mug, Microwave)', '(close_obj, Microwave)', '(toggle_on, Microwave)', '(toggle_off, Microwave)']","[{'action': 'open_obj', 'obj1': 'Microwave', 'obj2': None}, {'action': 'pick_up', 'obj1': 'Mug', 'obj2': None}, {'action': 'put_on', 'obj1': 'Mug', 'obj2': 'DiningTable'}]","['(navigate_to_obj, Mug)', '(pick_up, Mug)', '(navigate_to_obj, Sink)', '(put_in, Mug, Sink)', '(toggle_on, Faucet)', '(toggle_off, Faucet)', '(pick_up, Mug)', '(navigate_to_obj, Microwave)', '(put_on, Mug, CounterTop)', '(open_obj, Microwave)', '(pick_up, Mug)', '(put_in, Mug, Microwave)', '(close_obj, Microwave)', '(toggle_on, Microwave)', '(toggle_off, Microwave)']",EXEC-SIM,
warmWater-4,warmWater,planning,planning,True,True,Wrong Plan: serves glass instead of the mug with water,"The plan heated the water in the mug but never took the mug back out of the microwave and placed it on the dining table. Instead, it moved the cup to the dining table, so the success condition—a mug of warm water on the dining table—was not met.","['01:40', '01:58']",['01:40'],"['(navigate_to_obj, Mug)', '(pick_up, Mug)', '(navigate_to_obj, Sink)', '(put_in, Mug, Sink)', '(toggle_on, Faucet)', '(toggle_off, Faucet)', '(pick_up, Mug)', '(navigate_to_obj, Microwave)', '(put_on, Mug, CounterTop)', '(open_obj, Microwave)', '(pick_up, Mug)', '(put_in, Mug, Microwave)', '(close_obj, Microwave)', '(toggle_on, Microwave)', '(toggle_off, Microwave)', '(pick_up, Cup)', '(navigate_to_obj, DiningTable)', '(put_on, Cup, DiningTable)']","[{'action': 'open_obj', 'obj1': 'Microwave', 'obj2': None}, {'action': 'pick_up', 'obj1': 'Mug', 'obj2': None}, {'action': 'put_on', 'obj1': 'Mug', 'obj2': 'DiningTable'}]","['(navigate_to_obj, Mug)', '(pick_up, Mug)', '(navigate_to_obj, Sink)', '(put_in, Mug, Sink)', '(toggle_on, Faucet)', '(toggle_off, Faucet)', '(pick_up, Mug)', '(navigate_to_obj, Microwave)', '(put_on, Mug, CounterTop)', '(open_obj, Microwave)', '(pick_up, Mug)', '(put_in, Mug, Microwave)', '(close_obj, Microwave)', '(toggle_on, Microwave)', '(toggle_off, Microwave)', '(pick_up, Cup)', '(navigate_to_obj, DiningTable)', '(put_on, Cup, DiningTable)']",EXEC-SIM,
warmWater-6,warmWater,planning,execution,True,True,Wrong perception: glass and mug,"At 00:59, the robot tried to pick up the mug but grasped the cup instead, leaving the mug still on the first countertop (“mug is inside cup,” while “cup is inside robot gripper”). The failure was caused by the mug being set down away from the microwave at 00:46 and likely becoming nested/misaligned after the disturbance heard at 00:52, leading to an incorrect object pickup.",['00:59'],"['00:59', '00:46', '00:52']","['(navigate_to_obj, Mug)', '(pick_up, Mug)', '(navigate_to_obj, Sink)', '(put_in, Mug, Sink)', '(toggle_on, Faucet)', '(toggle_off, Faucet)', '(pick_up, Mug)', '(navigate_to_obj, Microwave)', '(put_on, Mug, CounterTop)', '(open_obj, Microwave)', '(pick_up, Mug)', '(put_in, Mug, Microwave)', '(close_obj, Microwave)', '(toggle_on, Microwave)', '(toggle_off, Microwave)', '(open_obj, Microwave)', '(pick_up, Mug)', '(navigate_to_obj, DiningTable)', '(put_on, Mug, DiningTable)']","[{'action': 'pick_up', 'obj1': 'Mug', 'obj2': None}, {'action': 'open_obj', 'obj1': 'Microwave', 'obj2': None}, {'action': 'put_in', 'obj1': 'Mug', 'obj2': 'Microwave'}, {'action': 'close_obj', 'obj1': 'Microwave', 'obj2': None}, {'action': 'toggle_on', 'obj1': 'Microwave', 'obj2': None}, {'action': 'toggle_off', 'obj1': 'Microwave', 'obj2': None}, {'action': 'open_obj', 'obj1': 'Microwave', 'obj2': None}, {'action': 'pick_up', 'obj1': 'Mug', 'obj2': None}, {'action': 'put_on', 'obj1': 'Mug', 'obj2': 'DiningTable'}]","['(navigate_to_obj, Mug)', '(pick_up, Mug)', '(navigate_to_obj, Sink)', '(put_in, Mug, Sink)', '(toggle_on, Faucet)', '(toggle_off, Faucet)', '(pick_up, Mug)', '(navigate_to_obj, Microwave)', '(put_on, Mug, CounterTop)', '(open_obj, Microwave)', '(pick_up, Mug)', '(put_in, Mug, Microwave)', '(close_obj, Microwave)', '(toggle_on, Microwave)', '(toggle_off, Microwave)', '(open_obj, Microwave)', '(pick_up, Mug)', '(navigate_to_obj, DiningTable)', '(put_on, Mug, DiningTable)']",CTX-HIDDEN,
warmWater-5,warmWater,planning,execution,True,True,Microwave already occupied,"At 01:35, the robot failed to place the cup into the microwave because the microwave was already occupied by a bowl, leaving no clear space for the cup. The likely cause is that after opening the microwave at 01:11 and seeing the bowl inside, the robot did not remove the bowl before attempting the placement.",['01:35'],"['01:35', '01:11']","['(navigate_to_obj, Cup)', '(pick_up, Cup)', '(navigate_to_obj, Sink)', '(put_in, Cup, Sink)', '(toggle_on, Faucet)', '(toggle_off, Faucet)', '(pick_up, Cup)', '(navigate_to_obj, Microwave)', '(put_on, Cup, CounterTop)', '(open_obj, Microwave)', '(pick_up, Cup)', '(put_in, Cup, Microwave)', '(close_obj, Microwave)', '(toggle_on, Microwave)', '(toggle_off, Microwave)', '(open_obj, Microwave)', '(pick_up, Cup)', '(navigate_to_obj, DiningTable)', '(put_on, Cup, DiningTable)']","[{'action': 'pick_up', 'obj1': 'Bowl', 'obj2': None}, {'action': 'put_on', 'obj1': 'Bowl', 'obj2': 'CounterTop'}, {'action': 'pick_up', 'obj1': 'Cup', 'obj2': None}, {'action': 'put_in', 'obj1': 'Cup', 'obj2': 'Microwave'}, {'action': 'close_obj', 'obj1': 'Microwave', 'obj2': None}, {'action': 'toggle_on', 'obj1': 'Microwave', 'obj2': None}, {'action': 'toggle_off', 'obj1': 'Microwave', 'obj2': None}, {'action': 'open_obj', 'obj1': 'Microwave', 'obj2': None}, {'action': 'pick_up', 'obj1': 'Cup', 'obj2': None}, {'action': 'put_on', 'obj1': 'Cup', 'obj2': 'DiningTable'}]","['(navigate_to_obj, Cup)', '(pick_up, Cup)', '(navigate_to_obj, Sink)', '(put_in, Cup, Sink)', '(toggle_on, Faucet)', '(toggle_off, Faucet)', '(pick_up, Cup)', '(navigate_to_obj, Microwave)', '(put_on, Cup, CounterTop)', '(open_obj, Microwave)', '(pick_up, Cup)', '(put_in, Cup, Microwave)', '(close_obj, Microwave)', '(toggle_on, Microwave)', '(toggle_off, Microwave)', '(open_obj, Microwave)', '(pick_up, Cup)', '(navigate_to_obj, DiningTable)', '(put_on, Cup, DiningTable)']",EXEC-SIM,
warmWater-7,warmWater,execution,planning,True,True,Wrong Plan: puts cup inside microwave instead of mug filled with water,"The plan heated the wrong object: it put the **cup** in the microwave, while the **mug** was only filled at the sink and then placed on the dining table. As a result, the dining table ended with a mug of water, but not **warm** water, so the goal was not satisfied.","['01:21', '01:51']",['01:21'],"['(navigate_to_obj, Mug)', '(pick_up, Mug)', '(navigate_to_obj, Sink)', '(put_in, Mug, Sink)', '(toggle_on, Faucet)', '(toggle_off, Faucet)', '(pick_up, Mug)', '(navigate_to_obj, Microwave)', '(put_on, Mug, CounterTop)', '(open_obj, Microwave)', '(pick_up, Cup)', '(put_in, Cup, Microwave)', '(close_obj, Microwave)', '(toggle_on, Microwave)', '(toggle_off, Microwave)', '(open_obj, Microwave)', '(pick_up, Mug)', '(navigate_to_obj, DiningTable)', '(put_on, Mug, DiningTable)']","[{'action': 'pick_up', 'obj1': 'Mug', 'obj2': None}, {'action': 'put_in', 'obj1': 'Mug', 'obj2': 'Microwave'}, {'action': 'close_obj', 'obj1': 'Microwave', 'obj2': None}, {'action': 'toggle_on', 'obj1': 'Microwave', 'obj2': None}, {'action': 'toggle_off', 'obj1': 'Microwave', 'obj2': None}, {'action': 'open_obj', 'obj1': 'Microwave', 'obj2': None}, {'action': 'pick_up', 'obj1': 'Mug', 'obj2': None}, {'action': 'put_on', 'obj1': 'Mug', 'obj2': 'DiningTable'}]","['(navigate_to_obj, Mug)', '(pick_up, Mug)', '(navigate_to_obj, Sink)', '(put_in, Mug, Sink)', '(toggle_on, Faucet)', '(toggle_off, Faucet)', '(pick_up, Mug)', '(navigate_to_obj, Microwave)', '(put_on, Mug, CounterTop)', '(open_obj, Microwave)', '(pick_up, Cup)', '(put_in, Cup, Microwave)', '(close_obj, Microwave)', '(toggle_on, Microwave)', '(toggle_off, Microwave)', '(open_obj, Microwave)', '(pick_up, Mug)', '(navigate_to_obj, DiningTable)', '(put_on, Mug, DiningTable)']",CTX-HIDDEN,
waterPlant-1,waterPlant,execution,planning,True,True,Incomplete Plan - Pot is filled with wine already,"The plan filled the pot incorrectly: after placing the pot in the sink, it turned the faucet on and then off without actually filling the pot with water, and the final state shows the plant ended up filled with wine instead of water. So the robot failed because it poured the wrong liquid into the house plant, which does not satisfy the goal.","['00:25', '00:39']",['00:39'],"['(navigate_to_obj, Pot)', '(pick_up, Pot)', '(navigate_to_obj, Sink)', '(put_in, Pot, Sink)', '(toggle_on, Faucet)', '(toggle_off, Faucet)', '(pick_up, Pot)', '(navigate_to_obj, HousePlant)', '(pour, Pot, HousePlant)']","[{'action': 'put_in', 'obj1': 'Pot', 'obj2': 'Sink'}, {'action': 'toggle_on', 'obj1': 'Faucet', 'obj2': None}, {'action': 'toggle_off', 'obj1': 'Faucet', 'obj2': None}, {'action': 'pick_up', 'obj1': 'Pot', 'obj2': None}, {'action': 'pour', 'obj1': 'Pot', 'obj2': 'HousePlant'}]","['(navigate_to_obj, Pot)', '(pick_up, Pot)', '(navigate_to_obj, Sink)', '(put_in, Pot, Sink)', '(toggle_on, Faucet)', '(toggle_off, Faucet)', '(pick_up, Pot)', '(navigate_to_obj, HousePlant)', '(pour, Pot, HousePlant)']",EXEC-SIM,
warmWater-8,warmWater,execution,planning,True,True,Missing step to pour wine out of the mug,"The plan never ensured the mug contained water: the final state shows the mug was still filled with wine, so turning the faucet on/off and microwaving it did not achieve “warm water.” In short, the robot heated and served the wrong liquid instead of first emptying/rinsing the mug and filling it with water.",['00:20'],['00:20'],"['(navigate_to_obj, Mug)', '(pick_up, Mug)', '(navigate_to_obj, Sink)', '(put_in, Mug, Sink)', '(toggle_on, Faucet)', '(toggle_off, Faucet)', '(pick_up, Mug)', '(navigate_to_obj, Microwave)', '(put_on, Mug, CounterTop)', '(open_obj, Microwave)', '(pick_up, Mug)', '(put_in, Mug, Microwave)', '(close_obj, Microwave)', '(toggle_on, Microwave)', '(toggle_off, Microwave)', '(open_obj, Microwave)', '(pick_up, Mug)', '(navigate_to_obj, DiningTable)', '(put_on, Mug, DiningTable)']","[{'action': 'pick_up', 'obj1': 'Mug', 'obj2': None}, {'action': 'pour', 'obj1': 'Mug', 'obj2': 'Sink'}, {'action': 'put_in', 'obj1': 'Mug', 'obj2': 'Sink'}, {'action': 'toggle_on', 'obj1': 'Faucet', 'obj2': None}, {'action': 'toggle_off', 'obj1': 'Faucet', 'obj2': None}, {'action': 'pick_up', 'obj1': 'Mug', 'obj2': None}, {'action': 'put_on', 'obj1': 'Mug', 'obj2': 'CounterTop'}, {'action': 'open_obj', 'obj1': 'Microwave', 'obj2': None}, {'action': 'pick_up', 'obj1': 'Mug', 'obj2': None}, {'action': 'put_in', 'obj1': 'Mug', 'obj2': 'Microwave'}, {'action': 'close_obj', 'obj1': 'Microwave', 'obj2': None}, {'action': 'toggle_on', 'obj1': 'Microwave', 'obj2': None}, {'action': 'toggle_off', 'obj1': 'Microwave', 'obj2': None}, {'action': 'open_obj', 'obj1': 'Microwave', 'obj2': None}, {'action': 'pick_up', 'obj1': 'Mug', 'obj2': None}, {'action': 'put_on', 'obj1': 'Mug', 'obj2': 'DiningTable'}]","['(navigate_to_obj, Mug)', '(pick_up, Mug)', '(navigate_to_obj, Sink)', '(put_in, Mug, Sink)', '(toggle_on, Faucet)', '(toggle_off, Faucet)', '(pick_up, Mug)', '(navigate_to_obj, Microwave)', '(put_on, Mug, CounterTop)', '(open_obj, Microwave)', '(pick_up, Mug)', '(put_in, Mug, Microwave)', '(close_obj, Microwave)', '(toggle_on, Microwave)', '(toggle_off, Microwave)', '(open_obj, Microwave)', '(pick_up, Mug)', '(navigate_to_obj, DiningTable)', '(put_on, Mug, DiningTable)']",EXEC-SIM,
warmWater-9,warmWater,execution,planning,True,True,Wrong Plan: Pours water from mug after microwaving and before serving,"The plan emptied the mug at the end by pouring its contents into the sink, so the mug placed on the dining table was empty instead of containing warm water. Although it appears to have heated water in the microwave, the robot undid the task goal by discarding the water before serving it.",['01:29'],['01:29'],"['(navigate_to_obj, Mug)', '(pick_up, Mug)', '(navigate_to_obj, Sink)', '(put_in, Mug, Sink)', '(toggle_on, Faucet)', '(toggle_off, Faucet)', '(pick_up, Mug)', '(navigate_to_obj, Microwave)', '(put_on, Mug, CounterTop)', '(open_obj, Microwave)', '(pick_up, Mug)', '(put_in, Mug, Microwave)', '(close_obj, Microwave)', '(toggle_on, Microwave)', '(toggle_off, Microwave)', '(open_obj, Microwave)', '(pick_up, Mug)', '(navigate_to_obj, Sink)', '(pour, Mug, Sink)', '(navigate_to_obj, DiningTable)', '(put_on, Mug, DiningTable)']","[{'action': 'pick_up', 'obj1': 'Mug', 'obj2': None}, {'action': 'put_in', 'obj1': 'Mug', 'obj2': 'Sink'}, {'action': 'toggle_on', 'obj1': 'Faucet', 'obj2': None}, {'action': 'toggle_off', 'obj1': 'Faucet', 'obj2': None}, {'action': 'pick_up', 'obj1': 'Mug', 'obj2': None}, {'action': 'put_in', 'obj1': 'Mug', 'obj2': 'Microwave'}, {'action': 'close_obj', 'obj1': 'Microwave', 'obj2': None}, {'action': 'toggle_on', 'obj1': 'Microwave', 'obj2': None}, {'action': 'toggle_off', 'obj1': 'Microwave', 'obj2': None}, {'action': 'open_obj', 'obj1': 'Microwave', 'obj2': None}, {'action': 'pick_up', 'obj1': 'Mug', 'obj2': None}, {'action': 'put_on', 'obj1': 'Mug', 'obj2': 'DiningTable'}]","['(navigate_to_obj, Mug)', '(pick_up, Mug)', '(navigate_to_obj, Sink)', '(put_in, Mug, Sink)', '(toggle_on, Faucet)', '(toggle_off, Faucet)', '(pick_up, Mug)', '(navigate_to_obj, Microwave)', '(put_on, Mug, CounterTop)', '(open_obj, Microwave)', '(pick_up, Mug)', '(put_in, Mug, Microwave)', '(close_obj, Microwave)', '(toggle_on, Microwave)', '(toggle_off, Microwave)', '(open_obj, Microwave)', '(pick_up, Mug)', '(navigate_to_obj, Sink)', '(pour, Mug, Sink)', '(navigate_to_obj, DiningTable)', '(put_on, Mug, DiningTable)']",EXEC-SIM,
